Date,Year,Balls,LuckyStars
2004-02-13,2004,"[16, 29, 32, 36, 41]","[7, 9]"
2004-02-20,2004,"[7, 13, 39, 47, 50]","[2, 5]"
2004-02-27,2004,"[14, 18, 19, 31, 37]","[4, 5]"
2004-03-05,2004,"[4, 7, 33, 37, 39]","[1, 5]"
2004-03-12,2004,"[15, 24, 28, 44, 47]","[4, 5]"
2004-03-19,2004,"[33, 36, 37, 42, 45]","[4, 9]"
2004-03-26,2004,"[3, 4, 10, 23, 43]","[2, 4]"
2004-04-02,2004,"[4, 12, 24, 27, 36]","[2, 9]"
2004-04-09,2004,"[1, 4, 10, 19, 23]","[2, 8]"
2004-04-16,2004,"[14, 15, 28, 35, 40]","[1, 3]"
2004-04-23,2004,"[6, 10, 21, 45, 49]","[3, 5]"
2004-04-30,2004,"[5, 6, 16, 23, 27]","[6, 7]"
2004-05-07,2004,"[15, 16, 21, 36, 38]","[1, 5]"
2004-05-14,2004,"[1, 3, 21, 32, 39]","[2, 6]"
2004-05-21,2004,"[15, 29, 37, 39, 49]","[4, 9]"
2004-05-28,2004,"[6, 11, 35, 41, 44]","[5, 6]"
2004-06-04,2004,"[9, 13, 34, 41, 42]","[3, 7]"
2004-06-11,2004,"[2, 7, 8, 10, 47]","[1, 7]"
2004-06-18,2004,"[2, 23, 28, 40, 43]","[2, 6]"
2004-06-25,2004,"[3, 21, 30, 34, 35]","[1, 2]"
2004-07-02,2004,"[4, 23, 24, 28, 34]","[1, 3]"
2004-07-09,2004,"[2, 5, 12, 19, 44]","[8, 9]"
2004-07-16,2004,"[24, 26, 31, 38, 50]","[5, 8]"
2004-07-23,2004,"[7, 10, 27, 31, 34]","[3, 8]"
2004-07-30,2004,"[9, 10, 19, 37, 50]","[1, 6]"
2004-08-06,2004,"[5, 15, 24, 35, 44]","[5, 6]"
2004-08-13,2004,"[20, 27, 41, 43, 50]","[5, 8]"
2004-08-20,2004,"[6, 9, 10, 27, 35]","[6, 8]"
2004-08-27,2004,"[1, 11, 22, 28, 44]","[1, 9]"
2004-09-03,2004,"[8, 12, 14, 15, 34]","[6, 7]"
2004-09-10,2004,"[5, 25, 33, 36, 38]","[2, 5]"
2004-09-17,2004,"[15, 18, 29, 39, 41]","[5, 8]"
2004-09-24,2004,"[21, 26, 27, 44, 48]","[1, 7]"
2004-10-01,2004,"[12, 20, 21, 45, 48]","[5, 6]"
2004-10-08,2004,"[1, 10, 12, 16, 48]","[2, 6]"
2004-10-15,2004,"[14, 21, 22, 37, 43]","[5, 8]"
2004-10-22,2004,"[1, 9, 23, 25, 40]","[3, 9]"
2004-10-29,2004,"[1, 8, 32, 35, 38]","[4, 9]"
2004-11-05,2004,"[6, 19, 25, 42, 49]","[1, 7]"
2004-11-12,2004,"[4, 11, 12, 13, 32]","[3, 9]"
2004-11-19,2004,"[1, 18, 29, 34, 37]","[2, 6]"
2004-11-26,2004,"[1, 4, 24, 34, 36]","[6, 8]"
2004-12-03,2004,"[1, 11, 15, 42, 49]","[3, 4]"
2004-12-10,2004,"[1, 3, 13, 16, 43]","[2, 7]"
2004-12-17,2004,"[15, 19, 22, 46, 49]","[2, 9]"
2004-12-24,2004,"[3, 4, 27, 29, 37]","[5, 6]"
2004-12-31,2004,"[7, 8, 24, 25, 47]","[8, 9]"
2005-01-07,2005,"[3, 23, 27, 47, 50]","[2, 3]"
2005-01-14,2005,"[6, 11, 14, 19, 29]","[1, 3]"
2005-01-21,2005,"[10, 12, 14, 24, 26]","[5, 8]"
2005-01-28,2005,"[7, 21, 26, 43, 45]","[5, 7]"
2005-02-04,2005,"[1, 8, 11, 30, 40]","[7, 8]"
2005-02-11,2005,"[11, 13, 25, 32, 50]","[4, 7]"
2005-02-18,2005,"[20, 21, 26, 32, 46]","[8, 9]"
2005-02-25,2005,"[3, 27, 30, 43, 44]","[4, 8]"
2005-03-04,2005,"[12, 24, 32, 37, 39]","[7, 9]"
2005-03-11,2005,"[8, 12, 23, 40, 43]","[1, 4]"
2005-03-18,2005,"[6, 23, 39, 43, 48]","[5, 7]"
2005-03-25,2005,"[4, 29, 33, 37, 38]","[6, 9]"
2005-04-01,2005,"[25, 26, 41, 44, 47]","[3, 7]"
2005-04-08,2005,"[7, 11, 25, 31, 50]","[1, 3]"
2005-04-15,2005,"[6, 28, 31, 38, 42]","[3, 9]"
2005-04-22,2005,"[3, 10, 13, 24, 47]","[5, 9]"
2005-04-29,2005,"[3, 9, 35, 39, 42]","[1, 8]"
2005-05-06,2005,"[7, 12, 21, 26, 44]","[6, 8]"
2005-05-13,2005,"[12, 17, 31, 32, 40]","[2, 9]"
2005-05-20,2005,"[6, 7, 13, 28, 47]","[5, 8]"
2005-05-27,2005,"[2, 24, 31, 48, 50]","[4, 9]"
2005-06-03,2005,"[3, 8, 11, 17, 50]","[1, 5]"
2005-06-10,2005,"[6, 7, 32, 37, 47]","[1, 7]"
2005-06-17,2005,"[4, 8, 10, 18, 21]","[1, 7]"
2005-06-24,2005,"[6, 8, 14, 15, 45]","[7, 8]"
2005-07-01,2005,"[4, 5, 23, 25, 28]","[3, 4]"
2005-07-08,2005,"[35, 36, 42, 46, 49]","[2, 8]"
2005-07-15,2005,"[1, 11, 12, 23, 42]","[3, 6]"
2005-07-22,2005,"[3, 14, 41, 48, 49]","[1, 4]"
2005-07-29,2005,"[3, 19, 26, 49, 50]","[4, 5]"
2005-08-05,2005,"[2, 11, 21, 22, 30]","[4, 6]"
2005-08-12,2005,"[15, 23, 30, 37, 40]","[7, 9]"
2005-08-19,2005,"[11, 24, 29, 31, 41]","[1, 3]"
2005-08-26,2005,"[9, 29, 35, 40, 41]","[1, 6]"
2005-09-02,2005,"[3, 4, 14, 43, 50]","[3, 6]"
2005-09-09,2005,"[8, 12, 19, 31, 50]","[6, 7]"
2005-09-16,2005,"[12, 13, 19, 21, 38]","[3, 9]"
2005-09-23,2005,"[1, 26, 31, 34, 47]","[4, 9]"
2005-09-30,2005,"[6, 11, 47, 48, 50]","[1, 6]"
2005-10-07,2005,"[2, 13, 21, 26, 44]","[3, 9]"
2005-10-14,2005,"[10, 11, 19, 20, 23]","[1, 6]"
2005-10-21,2005,"[1, 14, 19, 29, 33]","[1, 8]"
2005-10-28,2005,"[14, 36, 44, 47, 50]","[3, 5]"
2005-11-04,2005,"[26, 36, 37, 38, 42]","[2, 6]"
2005-11-11,2005,"[15, 16, 36, 41, 42]","[3, 5]"
2005-11-18,2005,"[17, 18, 25, 34, 48]","[2, 3]"
2005-11-25,2005,"[1, 6, 27, 39, 47]","[1, 6]"
2005-12-02,2005,"[1, 9, 20, 23, 30]","[4, 7]"
2005-12-09,2005,"[11, 18, 35, 38, 42]","[1, 5]"
2005-12-16,2005,"[2, 3, 15, 18, 32]","[6, 7]"
2005-12-23,2005,"[15, 31, 36, 37, 42]","[1, 7]"
2005-12-30,2005,"[8, 16, 19, 43, 45]","[1, 4]"
2006-01-06,2006,"[2, 6, 9, 14, 26]","[4, 5]"
2006-01-13,2006,"[8, 12, 19, 33, 34]","[1, 6]"
2006-01-20,2006,"[12, 15, 33, 44, 50]","[2, 6]"
2006-01-27,2006,"[9, 15, 21, 40, 49]","[1, 4]"
2006-02-03,2006,"[9, 21, 30, 39, 50]","[1, 3]"
2006-02-10,2006,"[5, 6, 38, 48, 50]","[6, 7]"
2006-02-17,2006,"[4, 23, 24, 26, 38]","[2, 4]"
2006-02-24,2006,"[1, 11, 18, 19, 47]","[3, 7]"
2006-03-03,2006,"[3, 5, 8, 10, 44]","[3, 5]"
2006-03-10,2006,"[1, 21, 33, 45, 49]","[4, 8]"
2006-03-17,2006,"[5, 32, 44, 45, 50]","[1, 7]"
2006-03-24,2006,"[17, 28, 33, 35, 47]","[4, 9]"
2006-03-31,2006,"[3, 20, 31, 45, 50]","[6, 7]"
2006-04-07,2006,"[12, 13, 29, 44, 50]","[4, 5]"
2006-04-14,2006,"[16, 26, 34, 35, 49]","[2, 6]"
2006-04-21,2006,"[1, 20, 22, 37, 46]","[1, 9]"
2006-04-28,2006,"[5, 10, 17, 22, 33]","[5, 7]"
2006-05-05,2006,"[4, 8, 14, 16, 50]","[3, 9]"
2006-05-12,2006,"[5, 20, 23, 34, 50]","[1, 5]"
2006-05-19,2006,"[3, 5, 25, 34, 49]","[5, 8]"
2006-05-26,2006,"[2, 12, 21, 41, 49]","[3, 7]"
2006-06-02,2006,"[7, 8, 27, 41, 48]","[1, 6]"
2006-06-09,2006,"[3, 12, 15, 34, 39]","[4, 6]"
2006-06-16,2006,"[1, 16, 26, 30, 36]","[3, 9]"
2006-06-23,2006,"[9, 21, 30, 43, 44]","[1, 9]"
2006-06-30,2006,"[6, 15, 16, 40, 43]","[1, 2]"
2006-07-07,2006,"[7, 9, 18, 35, 43]","[5, 7]"
2006-07-14,2006,"[1, 7, 17, 31, 36]","[2, 8]"
2006-07-21,2006,"[2, 4, 9, 38, 50]","[6, 8]"
2006-07-28,2006,"[3, 8, 12, 29, 43]","[6, 7]"
2006-08-04,2006,"[1, 14, 15, 26, 32]","[3, 7]"
2006-08-11,2006,"[27, 28, 31, 46, 47]","[2, 5]"
2006-08-18,2006,"[12, 37, 39, 40, 50]","[1, 2]"
2006-08-25,2006,"[10, 28, 40, 47, 48]","[6, 8]"
2006-09-01,2006,"[3, 7, 25, 45, 50]","[6, 9]"
2006-09-08,2006,"[1, 10, 12, 32, 33]","[1, 8]"
2006-09-15,2006,"[6, 10, 16, 26, 49]","[7, 9]"
2006-09-22,2006,"[10, 29, 30, 45, 49]","[3, 8]"
2006-09-29,2006,"[1, 3, 6, 18, 24]","[5, 8]"
2006-10-06,2006,"[5, 11, 22, 35, 38]","[7, 8]"
2006-10-13,2006,"[2, 25, 32, 38, 41]","[3, 5]"
2006-10-20,2006,"[10, 19, 34, 45, 47]","[3, 6]"
2006-10-27,2006,"[3, 4, 8, 44, 50]","[7, 8]"
2006-11-03,2006,"[11, 13, 24, 44, 49]","[3, 9]"
2006-11-10,2006,"[14, 21, 27, 30, 36]","[2, 3]"
2006-11-17,2006,"[12, 22, 32, 33, 36]","[2, 6]"
2006-11-24,2006,"[5, 8, 17, 25, 40]","[1, 5]"
2006-12-01,2006,"[4, 8, 16, 37, 41]","[2, 5]"
2006-12-08,2006,"[16, 17, 18, 36, 47]","[1, 2]"
2006-12-15,2006,"[9, 23, 35, 37, 42]","[3, 7]"
2006-12-22,2006,"[9, 11, 20, 38, 43]","[2, 3]"
2006-12-29,2006,"[6, 9, 13, 14, 35]","[3, 4]"
2007-01-05,2007,"[17, 19, 29, 36, 45]","[5, 6]"
2007-01-12,2007,"[8, 11, 14, 19, 25]","[3, 5]"
2007-01-19,2007,"[5, 13, 27, 33, 42]","[2, 4]"
2007-01-26,2007,"[11, 15, 23, 30, 38]","[4, 9]"
2007-02-02,2007,"[14, 23, 27, 30, 36]","[1, 6]"
2007-02-09,2007,"[14, 16, 30, 36, 46]","[2, 8]"
2007-02-16,2007,"[8, 19, 20, 39, 50]","[6, 9]"
2007-02-23,2007,"[2, 15, 18, 20, 22]","[2, 5]"
2007-03-02,2007,"[3, 16, 34, 38, 48]","[5, 8]"
2007-03-09,2007,"[2, 3, 25, 43, 48]","[6, 9]"
2007-03-16,2007,"[4, 14, 31, 45, 49]","[4, 9]"
2007-03-23,2007,"[5, 13, 17, 40, 43]","[1, 3]"
2007-03-30,2007,"[9, 17, 19, 41, 46]","[1, 8]"
2007-04-06,2007,"[15, 23, 29, 41, 48]","[3, 6]"
2007-04-13,2007,"[7, 20, 25, 38, 41]","[3, 7]"
2007-04-20,2007,"[23, 26, 32, 41, 45]","[3, 7]"
2007-04-27,2007,"[7, 18, 27, 36, 44]","[1, 2]"
2007-05-04,2007,"[6, 17, 35, 41, 45]","[1, 5]"
2007-05-11,2007,"[7, 12, 26, 29, 49]","[2, 6]"
2007-05-18,2007,"[26, 34, 37, 39, 49]","[2, 6]"
2007-05-25,2007,"[25, 26, 29, 49, 50]","[7, 8]"
2007-06-01,2007,"[6, 22, 37, 41, 42]","[6, 9]"
2007-06-08,2007,"[1, 15, 17, 25, 45]","[2, 8]"
2007-06-15,2007,"[5, 7, 14, 21, 40]","[3, 8]"
2007-06-22,2007,"[11, 16, 17, 22, 34]","[5, 6]"
2007-06-29,2007,"[8, 12, 28, 33, 45]","[1, 3]"
2007-07-06,2007,"[4, 5, 19, 39, 41]","[8, 9]"
2007-07-13,2007,"[9, 13, 15, 31, 48]","[3, 6]"
2007-07-20,2007,"[10, 21, 25, 26, 50]","[4, 9]"
2007-07-27,2007,"[1, 4, 21, 29, 41]","[7, 8]"
2007-08-03,2007,"[10, 30, 33, 37, 41]","[1, 8]"
2007-08-10,2007,"[23, 40, 42, 43, 49]","[2, 6]"
2007-08-17,2007,"[2, 3, 13, 38, 42]","[7, 8]"
2007-08-24,2007,"[1, 3, 16, 42, 48]","[2, 3]"
2007-08-31,2007,"[6, 18, 22, 23, 37]","[5, 6]"
2007-09-07,2007,"[2, 3, 33, 34, 42]","[3, 5]"
2007-09-14,2007,"[5, 9, 11, 29, 33]","[7, 9]"
2007-09-21,2007,"[1, 17, 32, 35, 37]","[1, 8]"
2007-09-28,2007,"[22, 30, 34, 35, 44]","[4, 5]"
2007-10-05,2007,"[11, 20, 27, 35, 44]","[2, 5]"
2007-10-12,2007,"[21, 32, 36, 46, 47]","[3, 4]"
2007-10-19,2007,"[7, 18, 34, 35, 40]","[7, 8]"
2007-10-26,2007,"[7, 20, 38, 40, 43]","[1, 8]"
2007-11-02,2007,"[3, 16, 18, 19, 40]","[1, 2]"
2007-11-09,2007,"[5, 14, 22, 25, 36]","[5, 6]"
2007-11-16,2007,"[9, 18, 23, 33, 37]","[1, 8]"
2007-11-23,2007,"[2, 10, 22, 29, 48]","[3, 9]"
2007-11-30,2007,"[12, 19, 20, 30, 38]","[7, 9]"
2007-12-07,2007,"[2, 4, 32, 43, 48]","[1, 7]"
2007-12-14,2007,"[8, 25, 30, 36, 44]","[3, 4]"
2007-12-21,2007,"[7, 9, 28, 37, 44]","[6, 7]"
2007-12-28,2007,"[20, 21, 22, 31, 45]","[7, 9]"
2008-01-04,2008,"[10, 12, 24, 25, 41]","[3, 5]"
2008-01-11,2008,"[8, 24, 36, 49, 50]","[4, 8]"
2008-01-18,2008,"[14, 16, 23, 40, 46]","[4, 8]"
2008-01-25,2008,"[2, 6, 9, 19, 45]","[7, 8]"
2008-02-01,2008,"[22, 30, 45, 47, 49]","[4, 9]"
2008-02-08,2008,"[17, 28, 30, 38, 44]","[1, 4]"
2008-02-15,2008,"[12, 27, 29, 45, 46]","[4, 7]"
2008-02-22,2008,"[4, 27, 32, 46, 50]","[8, 9]"
2008-02-29,2008,"[12, 37, 40, 47, 49]","[2, 9]"
2008-03-07,2008,"[2, 7, 14, 17, 35]","[1, 6]"
2008-03-14,2008,"[13, 21, 25, 35, 48]","[4, 8]"
2008-03-21,2008,"[2, 10, 18, 22, 36]","[4, 6]"
2008-03-28,2008,"[5, 9, 17, 29, 39]","[3, 6]"
2008-04-04,2008,"[11, 13, 18, 37, 47]","[1, 6]"
2008-04-11,2008,"[6, 25, 30, 45, 50]","[5, 7]"
2008-04-18,2008,"[3, 6, 7, 27, 50]","[5, 9]"
2008-04-25,2008,"[4, 19, 26, 27, 30]","[3, 8]"
2008-05-02,2008,"[2, 26, 37, 45, 48]","[4, 8]"
2008-05-09,2008,"[8, 9, 40, 42, 45]","[6, 7]"
2008-05-16,2008,"[6, 9, 15, 25, 38]","[4, 9]"
2008-05-23,2008,"[5, 9, 19, 21, 38]","[1, 7]"
2008-05-30,2008,"[5, 7, 14, 20, 49]","[2, 8]"
2008-06-06,2008,"[7, 19, 21, 40, 50]","[2, 9]"
2008-06-13,2008,"[13, 16, 37, 44, 50]","[1, 9]"
2008-06-20,2008,"[8, 11, 36, 37, 45]","[3, 5]"
2008-06-27,2008,"[5, 20, 26, 44, 50]","[5, 7]"
2008-07-04,2008,"[7, 19, 22, 27, 48]","[5, 7]"
2008-07-11,2008,"[9, 11, 13, 19, 37]","[3, 4]"
2008-07-18,2008,"[10, 14, 16, 29, 44]","[5, 6]"
2008-07-25,2008,"[7, 11, 15, 24, 29]","[2, 7]"
2008-08-01,2008,"[1, 22, 25, 40, 50]","[1, 8]"
2008-08-08,2008,"[4, 5, 15, 16, 45]","[4, 7]"
2008-08-15,2008,"[11, 17, 18, 26, 31]","[5, 6]"
2008-08-22,2008,"[7, 27, 29, 39, 50]","[5, 7]"
2008-08-29,2008,"[2, 20, 25, 37, 39]","[5, 8]"
2008-09-05,2008,"[7, 12, 16, 17, 39]","[3, 8]"
2008-09-12,2008,"[19, 23, 33, 37, 50]","[3, 7]"
2008-09-19,2008,"[14, 16, 19, 20, 31]","[6, 9]"
2008-09-26,2008,"[14, 29, 31, 33, 37]","[1, 2]"
2008-10-03,2008,"[4, 13, 19, 23, 38]","[2, 3]"
2008-10-10,2008,"[4, 15, 22, 31, 41]","[1, 6]"
2008-10-17,2008,"[3, 10, 12, 42, 50]","[1, 5]"
2008-10-24,2008,"[7, 15, 16, 17, 45]","[6, 9]"
2008-10-31,2008,"[3, 18, 25, 34, 41]","[2, 5]"
2008-11-07,2008,"[1, 9, 12, 17, 18]","[3, 4]"
2008-11-14,2008,"[8, 10, 14, 21, 26]","[3, 4]"
2008-11-21,2008,"[9, 14, 21, 49, 50]","[3, 8]"
2008-11-28,2008,"[8, 11, 16, 25, 41]","[2, 4]"
2008-12-05,2008,"[4, 8, 21, 35, 45]","[5, 8]"
2008-12-12,2008,"[2, 19, 28, 42, 49]","[2, 7]"
2008-12-19,2008,"[28, 29, 40, 46, 50]","[5, 7]"
2008-12-26,2008,"[1, 2, 26, 44, 50]","[1, 7]"
2009-01-02,2009,"[29, 30, 36, 37, 48]","[1, 6]"
2009-01-09,2009,"[7, 15, 22, 28, 48]","[1, 4]"
2009-01-16,2009,"[3, 17, 22, 49, 50]","[3, 6]"
2009-01-23,2009,"[32, 33, 36, 40, 49]","[2, 8]"
2009-01-30,2009,"[4, 29, 34, 35, 46]","[5, 8]"
2009-02-06,2009,"[10, 20, 30, 36, 40]","[3, 5]"
2009-02-13,2009,"[22, 33, 36, 40, 42]","[1, 2]"
2009-02-20,2009,"[9, 12, 13, 14, 48]","[1, 2]"
2009-02-27,2009,"[5, 9, 37, 44, 45]","[6, 9]"
2009-03-06,2009,"[13, 17, 19, 25, 35]","[5, 6]"
2009-03-13,2009,"[12, 24, 26, 36, 42]","[1, 4]"
2009-03-20,2009,"[12, 16, 23, 31, 35]","[4, 6]"
2009-03-27,2009,"[25, 33, 36, 38, 42]","[6, 7]"
2009-04-03,2009,"[2, 20, 24, 32, 46]","[1, 9]"
2009-04-10,2009,"[9, 14, 16, 37, 46]","[2, 4]"
2009-04-17,2009,"[4, 7, 21, 44, 47]","[1, 5]"
2009-04-24,2009,"[4, 14, 21, 24, 41]","[5, 8]"
2009-05-01,2009,"[5, 19, 31, 38, 47]","[3, 5]"
2009-05-08,2009,"[4, 23, 24, 29, 31]","[8, 9]"
2009-05-15,2009,"[8, 18, 19, 20, 42]","[5, 9]"
2009-05-22,2009,"[4, 13, 14, 33, 43]","[1, 6]"
2009-05-29,2009,"[2, 5, 30, 37, 47]","[3, 6]"
2009-06-05,2009,"[11, 19, 26, 35, 40]","[2, 5]"
2009-06-12,2009,"[6, 14, 16, 34, 50]","[4, 6]"
2009-06-19,2009,"[4, 16, 17, 20, 29]","[5, 7]"
2009-06-26,2009,"[6, 11, 21, 30, 39]","[2, 8]"
2009-07-03,2009,"[21, 29, 34, 46, 47]","[6, 8]"
2009-07-10,2009,"[6, 16, 20, 42, 46]","[1, 6]"
2009-07-17,2009,"[2, 8, 17, 32, 50]","[3, 7]"
2009-07-24,2009,"[14, 15, 25, 35, 47]","[5, 9]"
2009-07-31,2009,"[5, 9, 20, 21, 26]","[3, 6]"
2009-08-07,2009,"[10, 20, 22, 24, 31]","[2, 7]"
2009-08-14,2009,"[5, 8, 24, 30, 49]","[3, 9]"
2009-08-21,2009,"[4, 7, 16, 31, 42]","[3, 5]"
2009-08-28,2009,"[8, 36, 37, 41, 49]","[5, 7]"
2009-09-04,2009,"[6, 9, 20, 38, 39]","[3, 9]"
2009-09-11,2009,"[12, 15, 35, 42, 43]","[4, 6]"
2009-09-18,2009,"[6, 16, 30, 38, 41]","[2, 4]"
2009-09-25,2009,"[6, 17, 18, 21, 34]","[3, 9]"
2009-10-02,2009,"[22, 23, 24, 29, 44]","[1, 5]"
2009-10-09,2009,"[7, 11, 29, 46, 50]","[4, 7]"
2009-10-16,2009,"[12, 23, 30, 31, 47]","[3, 4]"
2009-10-23,2009,"[6, 18, 20, 29, 31]","[2, 8]"
2009-10-30,2009,"[9, 33, 35, 38, 40]","[2, 6]"
2009-11-06,2009,"[11, 19, 34, 43, 45]","[5, 9]"
2009-11-13,2009,"[13, 15, 25, 26, 32]","[3, 4]"
2009-11-20,2009,"[5, 9, 28, 43, 47]","[2, 9]"
2009-11-27,2009,"[5, 8, 13, 15, 33]","[8, 9]"
2009-12-04,2009,"[18, 19, 25, 30, 44]","[1, 3]"
2009-12-11,2009,"[20, 41, 43, 44, 46]","[2, 9]"
2009-12-18,2009,"[14, 30, 32, 35, 49]","[3, 8]"
2009-12-25,2009,"[4, 5, 14, 17, 34]","[3, 5]"
2010-01-01,2010,"[9, 22, 24, 27, 36]","[5, 7]"
2010-01-08,2010,"[4, 5, 14, 44, 46]","[8, 9]"
2010-01-15,2010,"[11, 26, 29, 49, 50]","[4, 7]"
2010-01-22,2010,"[4, 22, 27, 36, 44]","[7, 9]"
2010-01-29,2010,"[9, 17, 30, 39, 43]","[5, 7]"
2010-02-05,2010,"[34, 35, 38, 39, 46]","[3, 4]"
2010-02-12,2010,"[1, 5, 18, 38, 45]","[4, 6]"
2010-02-19,2010,"[12, 31, 37, 38, 43]","[2, 3]"
2010-02-26,2010,"[7, 11, 18, 29, 42]","[6, 7]"
2010-03-05,2010,"[12, 18, 19, 43, 49]","[3, 9]"
2010-03-12,2010,"[1, 26, 33, 36, 46]","[6, 7]"
2010-03-19,2010,"[10, 28, 30, 38, 39]","[2, 7]"
2010-03-26,2010,"[8, 16, 18, 37, 43]","[2, 6]"
2010-04-02,2010,"[12, 18, 24, 26, 45]","[4, 5]"
2010-04-09,2010,"[7, 21, 23, 24, 44]","[3, 4]"
2010-04-16,2010,"[9, 11, 17, 26, 40]","[3, 9]"
2010-04-23,2010,"[3, 7, 8, 43, 46]","[6, 8]"
2010-04-30,2010,"[6, 22, 24, 25, 36]","[3, 8]"
2010-05-07,2010,"[3, 6, 15, 21, 32]","[7, 9]"
2010-05-14,2010,"[1, 17, 31, 43, 47]","[2, 3]"
2010-05-21,2010,"[7, 19, 30, 38, 50]","[4, 7]"
2010-05-28,2010,"[4, 9, 31, 32, 33]","[3, 7]"
2010-06-04,2010,"[4, 17, 34, 40, 42]","[4, 9]"
2010-06-11,2010,"[2, 22, 24, 36, 44]","[1, 2]"
2010-06-18,2010,"[2, 29, 31, 32, 38]","[1, 4]"
2010-06-25,2010,"[1, 8, 18, 28, 31]","[8, 9]"
2010-07-02,2010,"[12, 13, 36, 41, 46]","[1, 8]"
2010-07-09,2010,"[9, 24, 37, 39, 49]","[3, 9]"
2010-07-16,2010,"[38, 39, 45, 46, 49]","[7, 8]"
2010-07-23,2010,"[4, 13, 35, 37, 46]","[3, 9]"
2010-07-30,2010,"[3, 4, 11, 28, 39]","[2, 8]"
2010-08-06,2010,"[13, 25, 28, 29, 42]","[4, 5]"
2010-08-13,2010,"[4, 9, 15, 21, 47]","[2, 7]"
2010-08-20,2010,"[5, 27, 31, 40, 42]","[1, 6]"
2010-08-27,2010,"[1, 6, 13, 30, 49]","[1, 9]"
2010-09-03,2010,"[13, 24, 26, 47, 49]","[4, 8]"
2010-09-10,2010,"[17, 21, 35, 41, 45]","[1, 5]"
2010-09-17,2010,"[17, 27, 29, 38, 50]","[1, 3]"
2010-09-24,2010,"[1, 4, 16, 40, 48]","[1, 9]"
2010-10-01,2010,"[1, 4, 6, 27, 48]","[1, 6]"
2010-10-08,2010,"[9, 30, 35, 39, 46]","[6, 8]"
2010-10-15,2010,"[2, 31, 36, 38, 43]","[3, 7]"
2010-10-22,2010,"[4, 5, 9, 11, 39]","[3, 5]"
2010-10-29,2010,"[16, 20, 22, 32, 42]","[8, 9]"
2010-11-05,2010,"[21, 23, 33, 40, 50]","[4, 5]"
2010-11-12,2010,"[7, 19, 23, 29, 47]","[1, 6]"
2010-11-19,2010,"[12, 15, 32, 36, 45]","[7, 9]"
2010-11-26,2010,"[9, 28, 36, 41, 49]","[5, 7]"
2010-12-03,2010,"[8, 19, 28, 32, 46]","[4, 7]"
2010-12-10,2010,"[2, 3, 10, 33, 46]","[7, 8]"
2010-12-17,2010,"[3, 20, 29, 35, 42]","[3, 8]"
2010-12-24,2010,"[19, 36, 38, 42, 46]","[2, 8]"
2010-12-31,2010,"[2, 24, 34, 38, 43]","[1, 7]"
2011-01-07,2011,"[1, 22, 32, 48, 50]","[6, 7]"
2011-01-14,2011,"[2, 14, 24, 39, 44]","[6, 7]"
2011-01-21,2011,"[3, 11, 13, 18, 21]","[4, 5]"
2011-01-28,2011,"[13, 23, 24, 41, 42]","[1, 5]"
2011-02-04,2011,"[2, 11, 24, 35, 47]","[5, 9]"
2011-02-11,2011,"[12, 14, 15, 19, 23]","[7, 8]"
2011-02-18,2011,"[2, 3, 15, 45, 49]","[5, 9]"
2011-02-25,2011,"[12, 13, 42, 45, 48]","[3, 9]"
2011-03-04,2011,"[11, 25, 27, 28, 41]","[5, 8]"
2011-03-11,2011,"[17, 19, 24, 37, 46]","[2, 7]"
2011-03-18,2011,"[1, 13, 20, 26, 50]","[6, 7]"
2011-03-25,2011,"[6, 12, 21, 27, 33]","[3, 7]"
2011-04-01,2011,"[4, 17, 21, 22, 33]","[4, 8]"
2011-04-08,2011,"[21, 23, 38, 47, 50]","[2, 6]"
2011-04-15,2011,"[4, 6, 21, 39, 41]","[2, 6]"
2011-04-22,2011,"[11, 22, 36, 45, 48]","[1, 4]"
2011-04-29,2011,"[15, 25, 38, 40, 41]","[1, 2]"
2011-05-06,2011,"[11, 16, 20, 22, 28]","[4, 9]"
2011-05-10,2011,"[3, 10, 15, 28, 45]","[5, 7]"
2011-05-13,2011,"[9, 11, 17, 36, 47]","[1, 2]"
2011-05-17,2011,"[20, 21, 37, 45, 46]","[2, 3]"
2011-05-20,2011,"[10, 14, 20, 25, 42]","[8, 11]"
2011-05-24,2011,"[16, 23, 24, 26, 29]","[2, 9]"
2011-05-27,2011,"[9, 17, 25, 28, 49]","[8, 9]"
2011-05-31,2011,"[1, 9, 10, 22, 50]","[5, 11]"
2011-06-03,2011,"[4, 39, 40, 49, 50]","[2, 5]"
2011-06-07,2011,"[6, 25, 36, 38, 40]","[4, 10]"
2011-06-10,2011,"[3, 19, 20, 37, 48]","[8, 11]"
2011-06-14,2011,"[5, 12, 19, 41, 48]","[8, 10]"
2011-06-17,2011,"[11, 16, 21, 22, 44]","[3, 8]"
2011-06-21,2011,"[17, 20, 35, 49, 50]","[3, 4]"
2011-06-24,2011,"[5, 16, 20, 30, 41]","[6, 11]"
2011-06-28,2011,"[15, 16, 30, 44, 50]","[2, 3]"
2011-07-01,2011,"[8, 11, 23, 31, 46]","[8, 9]"
2011-07-05,2011,"[11, 28, 29, 47, 49]","[1, 5]"
2011-07-08,2011,"[12, 13, 23, 40, 49]","[7, 10]"
2011-07-12,2011,"[17, 19, 38, 42, 45]","[9, 10]"
2011-07-15,2011,"[6, 26, 33, 34, 39]","[3, 4]"
2011-07-19,2011,"[3, 16, 25, 26, 35]","[5, 9]"
2011-07-22,2011,"[4, 15, 23, 49, 50]","[2, 6]"
2011-07-26,2011,"[1, 5, 22, 25, 48]","[3, 11]"
2011-07-29,2011,"[12, 19, 27, 37, 38]","[5, 10]"
2011-08-02,2011,"[5, 8, 14, 24, 33]","[3, 8]"
2011-08-05,2011,"[13, 14, 18, 32, 34]","[1, 10]"
2011-08-09,2011,"[7, 23, 24, 34, 36]","[8, 11]"
2011-08-12,2011,"[7, 10, 20, 27, 37]","[4, 7]"
2011-08-16,2011,"[1, 13, 17, 18, 45]","[3, 8]"
2011-08-19,2011,"[6, 14, 16, 28, 31]","[2, 11]"
2011-08-23,2011,"[4, 6, 14, 42, 50]","[2, 4]"
2011-08-26,2011,"[12, 22, 25, 33, 45]","[5, 7]"
2011-08-30,2011,"[2, 8, 10, 19, 46]","[5, 9]"
2011-09-02,2011,"[12, 26, 37, 38, 44]","[4, 7]"
2011-09-06,2011,"[35, 42, 47, 48, 50]","[8, 9]"
2011-09-09,2011,"[5, 21, 28, 31, 34]","[1, 2]"
2011-09-13,2011,"[9, 28, 30, 32, 49]","[9, 10]"
2011-09-16,2011,"[2, 8, 17, 39, 42]","[3, 10]"
2011-09-20,2011,"[9, 19, 25, 36, 38]","[7, 11]"
2011-09-23,2011,"[6, 14, 33, 34, 48]","[2, 6]"
2011-09-27,2011,"[18, 27, 28, 35, 40]","[3, 5]"
2011-09-30,2011,"[5, 15, 28, 31, 44]","[1, 6]"
2011-10-04,2011,"[14, 16, 23, 38, 45]","[8, 11]"
2011-10-07,2011,"[18, 26, 34, 38, 42]","[5, 8]"
2011-10-11,2011,"[1, 4, 12, 16, 48]","[9, 10]"
2011-10-14,2011,"[12, 23, 29, 32, 47]","[3, 5]"
2011-10-18,2011,"[18, 23, 37, 46, 48]","[2, 10]"
2011-10-21,2011,"[2, 19, 33, 37, 46]","[5, 8]"
2011-10-25,2011,"[12, 22, 27, 28, 39]","[4, 10]"
2011-10-28,2011,"[16, 17, 20, 39, 50]","[4, 8]"
2011-11-01,2011,"[14, 20, 23, 45, 46]","[1, 11]"
2011-11-04,2011,"[11, 14, 41, 43, 50]","[2, 9]"
2011-11-08,2011,"[1, 4, 15, 29, 40]","[1, 5]"
2011-11-11,2011,"[1, 4, 18, 23, 30]","[3, 7]"
2011-11-15,2011,"[6, 17, 22, 45, 47]","[3, 11]"
2011-11-18,2011,"[4, 12, 24, 39, 44]","[2, 4]"
2011-11-22,2011,"[16, 18, 24, 38, 40]","[2, 4]"
2011-11-25,2011,"[14, 19, 26, 28, 34]","[5, 8]"
2011-11-29,2011,"[11, 25, 41, 45, 50]","[2, 7]"
2011-12-02,2011,"[7, 27, 30, 40, 43]","[8, 9]"
2011-12-06,2011,"[19, 20, 21, 34, 38]","[3, 9]"
2011-12-09,2011,"[12, 21, 29, 44, 47]","[1, 2]"
2011-12-13,2011,"[7, 12, 18, 33, 37]","[1, 11]"
2011-12-16,2011,"[2, 5, 10, 23, 31]","[2, 5]"
2011-12-20,2011,"[1, 9, 12, 14, 48]","[1, 7]"
2011-12-23,2011,"[7, 21, 22, 24, 28]","[1, 11]"
2011-12-27,2011,"[19, 21, 25, 26, 44]","[3, 7]"
2011-12-30,2011,"[16, 36, 43, 44, 50]","[7, 8]"
2012-01-03,2012,"[3, 30, 42, 45, 49]","[5, 10]"
2012-01-06,2012,"[1, 6, 10, 12, 31]","[2, 7]"
2012-01-10,2012,"[4, 9, 10, 30, 40]","[2, 9]"
2012-01-13,2012,"[13, 14, 21, 27, 39]","[6, 8]"
2012-01-17,2012,"[12, 22, 30, 31, 44]","[5, 6]"
2012-01-20,2012,"[2, 10, 22, 27, 28]","[6, 8]"
2012-01-24,2012,"[1, 2, 6, 20, 36]","[8, 11]"
2012-01-27,2012,"[10, 13, 19, 39, 44]","[2, 6]"
2012-01-31,2012,"[9, 34, 38, 43, 45]","[2, 4]"
2012-02-03,2012,"[16, 19, 20, 25, 28]","[1, 10]"
2012-02-07,2012,"[3, 15, 17, 28, 33]","[2, 4]"
2012-02-10,2012,"[3, 8, 14, 31, 41]","[7, 11]"
2012-02-14,2012,"[14, 27, 36, 42, 46]","[8, 11]"
2012-02-17,2012,"[4, 11, 28, 38, 47]","[10, 11]"
2012-02-21,2012,"[11, 14, 24, 25, 29]","[7, 11]"
2012-02-24,2012,"[3, 7, 12, 26, 34]","[8, 10]"
2012-02-28,2012,"[1, 10, 17, 33, 48]","[2, 3]"
2012-03-02,2012,"[5, 6, 11, 30, 44]","[2, 6]"
2012-03-06,2012,"[23, 24, 27, 37, 47]","[2, 6]"
2012-03-09,2012,"[3, 32, 36, 39, 47]","[6, 9]"
2012-03-13,2012,"[1, 10, 25, 43, 47]","[8, 9]"
2012-03-16,2012,"[3, 4, 12, 23, 50]","[4, 7]"
2012-03-20,2012,"[15, 16, 28, 30, 46]","[3, 4]"
2012-03-23,2012,"[9, 15, 23, 31, 50]","[8, 11]"
2012-03-27,2012,"[24, 27, 29, 34, 36]","[7, 8]"
2012-03-30,2012,"[4, 17, 23, 36, 46]","[6, 10]"
2012-04-03,2012,"[1, 8, 18, 25, 30]","[9, 10]"
2012-04-06,2012,"[11, 20, 30, 35, 45]","[2, 3]"
2012-04-10,2012,"[22, 25, 27, 36, 37]","[5, 9]"
2012-04-13,2012,"[8, 13, 26, 39, 43]","[3, 5]"
2012-04-17,2012,"[10, 28, 33, 48, 49]","[1, 10]"
2012-04-20,2012,"[3, 6, 29, 32, 41]","[10, 11]"
2012-04-24,2012,"[8, 9, 24, 43, 48]","[3, 5]"
2012-04-27,2012,"[20, 27, 30, 36, 43]","[1, 6]"
2012-05-01,2012,"[4, 5, 15, 19, 41]","[9, 11]"
2012-05-04,2012,"[3, 26, 39, 40, 41]","[1, 2]"
2012-05-08,2012,"[3, 21, 34, 38, 48]","[5, 8]"
2012-05-11,2012,"[1, 13, 17, 38, 44]","[2, 11]"
2012-05-15,2012,"[2, 11, 13, 26, 50]","[2, 5]"
2012-05-18,2012,"[13, 29, 43, 47, 50]","[9, 11]"
2012-05-22,2012,"[16, 31, 32, 37, 41]","[1, 7]"
2012-05-25,2012,"[12, 22, 35, 46, 49]","[2, 8]"
2012-05-29,2012,"[8, 15, 17, 25, 28]","[3, 11]"
2012-06-01,2012,"[2, 4, 14, 26, 36]","[9, 10]"
2012-06-05,2012,"[13, 34, 37, 47, 49]","[8, 9]"
2012-06-08,2012,"[5, 11, 22, 34, 40]","[9, 11]"
2012-06-12,2012,"[8, 15, 26, 30, 48]","[9, 10]"
2012-06-15,2012,"[10, 22, 27, 38, 48]","[3, 7]"
2012-06-19,2012,"[7, 17, 20, 35, 50]","[5, 11]"
2012-06-22,2012,"[14, 18, 19, 43, 49]","[3, 7]"
2012-06-26,2012,"[1, 11, 20, 22, 35]","[8, 10]"
2012-06-29,2012,"[14, 17, 28, 29, 39]","[1, 11]"
2012-07-03,2012,"[2, 7, 22, 27, 40]","[3, 6]"
2012-07-06,2012,"[31, 32, 38, 40, 42]","[1, 3]"
2012-07-10,2012,"[1, 3, 16, 24, 37]","[1, 8]"
2012-07-13,2012,"[8, 18, 25, 35, 46]","[4, 9]"
2012-07-17,2012,"[2, 7, 24, 43, 46]","[8, 10]"
2012-07-20,2012,"[10, 19, 23, 45, 49]","[9, 10]"
2012-07-24,2012,"[4, 16, 18, 25, 44]","[1, 11]"
2012-07-27,2012,"[14, 15, 21, 23, 48]","[2, 10]"
2012-07-31,2012,"[4, 29, 35, 36, 39]","[8, 9]"
2012-08-03,2012,"[24, 34, 35, 42, 46]","[1, 5]"
2012-08-07,2012,"[20, 27, 34, 46, 50]","[2, 3]"
2012-08-10,2012,"[11, 17, 21, 48, 50]","[9, 10]"
2012-08-14,2012,"[1, 16, 38, 42, 45]","[9, 10]"
2012-08-17,2012,"[19, 25, 28, 33, 44]","[2, 8]"
2012-08-21,2012,"[4, 5, 17, 38, 48]","[3, 4]"
2012-08-24,2012,"[5, 6, 12, 19, 37]","[3, 7]"
2012-08-28,2012,"[1, 18, 25, 26, 44]","[4, 5]"
2012-08-31,2012,"[16, 28, 31, 33, 48]","[7, 11]"
2012-09-04,2012,"[11, 17, 18, 39, 44]","[5, 10]"
2012-09-07,2012,"[13, 15, 30, 35, 42]","[4, 6]"
2012-09-11,2012,"[6, 15, 22, 37, 44]","[2, 4]"
2012-09-14,2012,"[3, 10, 23, 27, 44]","[7, 9]"
2012-09-18,2012,"[6, 7, 38, 39, 44]","[7, 9]"
2012-09-21,2012,"[4, 19, 34, 41, 43]","[7, 11]"
2012-09-25,2012,"[7, 25, 27, 48, 49]","[1, 4]"
2012-09-28,2012,"[20, 23, 26, 30, 33]","[6, 9]"
2012-10-02,2012,"[4, 16, 21, 36, 42]","[7, 8]"
2012-10-05,2012,"[9, 16, 18, 19, 21]","[2, 3]"
2012-10-09,2012,"[2, 8, 10, 23, 25]","[8, 9]"
2012-10-12,2012,"[6, 7, 17, 35, 43]","[2, 8]"
2012-10-16,2012,"[10, 32, 40, 41, 49]","[2, 8]"
2012-10-19,2012,"[16, 29, 37, 40, 44]","[8, 10]"
2012-10-23,2012,"[1, 28, 35, 38, 50]","[2, 10]"
2012-10-26,2012,"[5, 6, 9, 27, 38]","[5, 11]"
2012-10-30,2012,"[23, 24, 25, 31, 44]","[2, 3]"
2012-11-02,2012,"[3, 6, 10, 11, 44]","[3, 4]"
2012-11-06,2012,"[7, 20, 25, 35, 41]","[1, 9]"
2012-11-09,2012,"[14, 21, 22, 28, 47]","[4, 5]"
2012-11-13,2012,"[11, 16, 21, 24, 29]","[2, 6]"
2012-11-16,2012,"[10, 15, 19, 23, 41]","[2, 9]"
2012-11-20,2012,"[28, 30, 42, 45, 49]","[5, 10]"
2012-11-23,2012,"[1, 9, 11, 20, 40]","[1, 5]"
2012-11-27,2012,"[6, 10, 23, 44, 49]","[1, 7]"
2012-11-30,2012,"[10, 18, 23, 24, 40]","[3, 4]"
2012-12-04,2012,"[5, 10, 28, 29, 44]","[2, 4]"
2012-12-07,2012,"[10, 16, 18, 31, 42]","[2, 5]"
2012-12-11,2012,"[1, 4, 9, 43, 50]","[6, 8]"
2012-12-14,2012,"[10, 11, 29, 40, 43]","[3, 11]"
2012-12-18,2012,"[14, 18, 20, 35, 44]","[2, 5]"
2012-12-21,2012,"[3, 5, 22, 40, 42]","[3, 10]"
2012-12-25,2012,"[14, 18, 20, 23, 32]","[3, 10]"
2012-12-28,2012,"[17, 24, 26, 27, 49]","[3, 5]"
2013-01-01,2013,"[2, 7, 8, 36, 49]","[1, 11]"
2013-01-04,2013,"[4, 10, 22, 27, 41]","[8, 10]"
2013-01-08,2013,"[2, 20, 22, 26, 47]","[5, 9]"
2013-01-11,2013,"[4, 22, 29, 37, 41]","[4, 7]"
2013-01-15,2013,"[22, 38, 40, 42, 47]","[1, 11]"
2013-01-18,2013,"[4, 26, 27, 30, 39]","[3, 10]"
2013-01-22,2013,"[1, 10, 44, 45, 48]","[1, 4]"
2013-01-25,2013,"[3, 10, 18, 31, 37]","[2, 4]"
2013-01-29,2013,"[9, 16, 26, 36, 39]","[2, 6]"
2013-02-01,2013,"[5, 21, 34, 37, 38]","[1, 6]"
2013-02-05,2013,"[6, 25, 31, 40, 45]","[6, 7]"
2013-02-08,2013,"[9, 11, 14, 34, 44]","[10, 11]"
2013-02-12,2013,"[5, 11, 16, 25, 28]","[7, 9]"
2013-02-15,2013,"[2, 4, 22, 28, 42]","[4, 9]"
2013-02-19,2013,"[12, 15, 28, 30, 44]","[8, 9]"
2013-02-22,2013,"[15, 16, 28, 36, 37]","[2, 11]"
2013-02-26,2013,"[3, 12, 13, 17, 30]","[2, 6]"
2013-03-01,2013,"[1, 11, 29, 36, 42]","[4, 5]"
2013-03-05,2013,"[8, 19, 31, 33, 39]","[2, 7]"
2013-03-08,2013,"[3, 20, 23, 28, 42]","[8, 11]"
2013-03-12,2013,"[2, 4, 10, 22, 50]","[5, 8]"
2013-03-15,2013,"[4, 14, 21, 24, 39]","[3, 10]"
2013-03-19,2013,"[19, 32, 35, 37, 44]","[1, 9]"
2013-03-22,2013,"[12, 27, 32, 34, 49]","[8, 9]"
2013-03-26,2013,"[4, 26, 30, 42, 44]","[6, 11]"
2013-03-29,2013,"[13, 30, 43, 44, 46]","[5, 9]"
2013-04-02,2013,"[12, 17, 25, 29, 41]","[1, 4]"
2013-04-05,2013,"[1, 11, 17, 32, 39]","[2, 7]"
2013-04-09,2013,"[15, 35, 38, 44, 48]","[5, 10]"
2013-04-12,2013,"[5, 10, 15, 28, 45]","[3, 9]"
2013-04-16,2013,"[1, 11, 22, 33, 50]","[4, 6]"
2013-04-19,2013,"[1, 8, 42, 46, 48]","[4, 7]"
2013-04-23,2013,"[1, 4, 7, 10, 50]","[4, 11]"
2013-04-26,2013,"[11, 16, 24, 38, 40]","[2, 5]"
2013-04-30,2013,"[13, 36, 40, 43, 50]","[5, 9]"
2013-05-03,2013,"[3, 5, 34, 40, 49]","[2, 3]"
2013-05-07,2013,"[13, 27, 28, 42, 43]","[4, 6]"
2013-05-10,2013,"[1, 32, 35, 45, 48]","[4, 11]"
2013-05-14,2013,"[7, 8, 24, 27, 36]","[5, 11]"
2013-05-17,2013,"[6, 20, 24, 25, 50]","[9, 10]"
2013-05-21,2013,"[7, 8, 19, 28, 29]","[5, 9]"
2013-05-24,2013,"[7, 17, 22, 27, 40]","[2, 3]"
2013-05-28,2013,"[8, 13, 26, 34, 38]","[3, 11]"
2013-05-31,2013,"[27, 28, 29, 34, 43]","[5, 10]"
2013-06-04,2013,"[31, 33, 34, 37, 40]","[1, 6]"
2013-06-07,2013,"[7, 14, 26, 45, 50]","[2, 7]"
2013-06-11,2013,"[5, 7, 9, 25, 41]","[1, 5]"
2013-06-14,2013,"[10, 25, 41, 47, 48]","[6, 10]"
2013-06-18,2013,"[17, 24, 33, 41, 44]","[1, 11]"
2013-06-21,2013,"[10, 11, 30, 36, 45]","[1, 2]"
2013-06-25,2013,"[4, 5, 13, 27, 35]","[1, 2]"
2013-06-28,2013,"[1, 15, 28, 35, 47]","[1, 7]"
2013-07-02,2013,"[11, 13, 14, 28, 30]","[4, 5]"
2013-07-05,2013,"[4, 12, 15, 28, 33]","[1, 10]"
2013-07-09,2013,"[16, 18, 31, 38, 49]","[4, 10]"
2013-07-12,2013,"[18, 26, 32, 33, 42]","[2, 3]"
2013-07-16,2013,"[19, 23, 34, 47, 50]","[4, 6]"
2013-07-19,2013,"[13, 16, 24, 26, 35]","[2, 5]"
2013-07-23,2013,"[14, 15, 16, 19, 44]","[4, 5]"
2013-07-26,2013,"[12, 23, 29, 38, 49]","[3, 4]"
2013-07-30,2013,"[3, 4, 11, 14, 43]","[1, 6]"
2013-08-02,2013,"[21, 36, 37, 42, 48]","[4, 7]"
2013-08-06,2013,"[16, 17, 31, 47, 49]","[3, 11]"
2013-08-09,2013,"[4, 7, 9, 23, 24]","[8, 9]"
2013-08-13,2013,"[5, 17, 20, 47, 50]","[1, 4]"
2013-08-16,2013,"[20, 24, 27, 37, 39]","[5, 10]"
2013-08-20,2013,"[5, 11, 42, 49, 50]","[8, 11]"
2013-08-23,2013,"[1, 6, 26, 30, 37]","[5, 8]"
2013-08-27,2013,"[7, 30, 38, 40, 43]","[2, 6]"
2013-08-30,2013,"[2, 17, 25, 36, 45]","[5, 9]"
2013-09-03,2013,"[5, 9, 16, 18, 42]","[7, 9]"
2013-09-06,2013,"[11, 23, 25, 32, 37]","[4, 7]"
2013-09-10,2013,"[7, 11, 14, 28, 30]","[2, 10]"
2013-09-13,2013,"[4, 6, 14, 27, 33]","[5, 10]"
2013-09-17,2013,"[13, 17, 21, 42, 44]","[9, 11]"
2013-09-20,2013,"[5, 11, 35, 38, 45]","[2, 3]"
2013-09-24,2013,"[10, 20, 26, 28, 43]","[9, 11]"
2013-09-27,2013,"[11, 15, 38, 41, 43]","[2, 6]"
2013-10-01,2013,"[19, 23, 25, 44, 48]","[8, 9]"
2013-10-04,2013,"[6, 20, 24, 35, 50]","[5, 10]"
2013-10-08,2013,"[23, 24, 26, 33, 42]","[3, 5]"
2013-10-11,2013,"[6, 12, 17, 23, 43]","[5, 9]"
2013-10-15,2013,"[18, 27, 39, 43, 47]","[4, 7]"
2013-10-18,2013,"[5, 25, 36, 46, 47]","[2, 6]"
2013-10-22,2013,"[29, 33, 39, 41, 44]","[9, 11]"
2013-10-25,2013,"[2, 3, 10, 31, 38]","[6, 10]"
2013-10-29,2013,"[9, 10, 30, 32, 37]","[2, 6]"
2013-11-01,2013,"[7, 19, 29, 30, 33]","[3, 8]"
2013-11-05,2013,"[6, 12, 13, 35, 38]","[2, 3]"
2013-11-08,2013,"[20, 28, 35, 42, 43]","[8, 10]"
2013-11-12,2013,"[14, 29, 37, 40, 48]","[2, 11]"
2013-11-15,2013,"[3, 13, 15, 29, 42]","[1, 4]"
2013-11-19,2013,"[14, 15, 19, 36, 45]","[1, 10]"
2013-11-22,2013,"[13, 25, 26, 40, 50]","[8, 9]"
2013-11-26,2013,"[19, 23, 27, 42, 44]","[3, 5]"
2013-11-29,2013,"[2, 7, 10, 23, 43]","[4, 7]"
2013-12-03,2013,"[6, 13, 15, 29, 32]","[2, 9]"
2013-12-06,2013,"[1, 2, 18, 31, 36]","[7, 10]"
2013-12-10,2013,"[6, 24, 35, 49, 50]","[1, 7]"
2013-12-13,2013,"[1, 22, 23, 24, 31]","[6, 11]"
2013-12-17,2013,"[6, 8, 27, 37, 41]","[7, 10]"
2013-12-20,2013,"[12, 13, 17, 22, 43]","[3, 10]"
2013-12-24,2013,"[5, 19, 31, 43, 50]","[2, 6]"
2013-12-27,2013,"[1, 6, 13, 22, 28]","[5, 10]"
2013-12-31,2013,"[13, 20, 24, 29, 45]","[3, 7]"
2014-01-03,2014,"[3, 27, 31, 38, 44]","[3, 8]"
2014-01-07,2014,"[2, 20, 27, 33, 45]","[6, 10]"
2014-01-10,2014,"[1, 2, 11, 27, 29]","[1, 10]"
2014-01-14,2014,"[18, 20, 25, 26, 37]","[10, 11]"
2014-01-17,2014,"[19, 26, 32, 33, 42]","[4, 10]"
2014-01-21,2014,"[4, 12, 35, 42, 48]","[5, 8]"
2014-01-24,2014,"[5, 19, 34, 35, 41]","[1, 5]"
2014-01-28,2014,"[18, 20, 23, 42, 48]","[2, 9]"
2014-01-31,2014,"[8, 10, 15, 16, 31]","[8, 9]"
2014-02-04,2014,"[1, 21, 33, 37, 38]","[4, 8]"
2014-02-07,2014,"[3, 17, 19, 46, 47]","[9, 10]"
2014-02-11,2014,"[8, 17, 25, 41, 47]","[1, 2]"
2014-02-14,2014,"[2, 4, 6, 19, 39]","[2, 7]"
2014-02-18,2014,"[23, 26, 36, 37, 49]","[6, 7]"
2014-02-21,2014,"[13, 17, 28, 30, 32]","[5, 7]"
2014-02-25,2014,"[21, 25, 28, 35, 42]","[4, 6]"
2014-02-28,2014,"[12, 32, 38, 43, 44]","[2, 7]"
2014-03-04,2014,"[3, 5, 22, 27, 44]","[1, 6]"
2014-03-07,2014,"[5, 10, 38, 40, 41]","[1, 8]"
2014-03-11,2014,"[1, 4, 23, 33, 44]","[7, 8]"
2014-03-14,2014,"[6, 24, 25, 27, 30]","[5, 9]"
2014-03-18,2014,"[8, 27, 34, 36, 39]","[5, 10]"
2014-03-21,2014,"[7, 30, 37, 39, 42]","[5, 7]"
2014-03-25,2014,"[7, 20, 26, 28, 50]","[2, 8]"
2014-03-28,2014,"[3, 4, 19, 28, 43]","[3, 7]"
2014-04-01,2014,"[16, 18, 26, 38, 44]","[8, 10]"
2014-04-04,2014,"[6, 10, 28, 45, 50]","[10, 11]"
2014-04-08,2014,"[11, 18, 29, 42, 49]","[4, 11]"
2014-04-11,2014,"[8, 12, 19, 30, 33]","[4, 11]"
2014-04-15,2014,"[3, 14, 26, 47, 50]","[7, 11]"
2014-04-18,2014,"[21, 24, 31, 39, 47]","[3, 7]"
2014-04-22,2014,"[13, 15, 20, 24, 46]","[1, 8]"
2014-04-25,2014,"[13, 21, 24, 44, 49]","[1, 9]"
2014-04-29,2014,"[18, 23, 26, 35, 44]","[3, 11]"
2014-05-02,2014,"[4, 30, 31, 38, 42]","[2, 11]"
2014-05-06,2014,"[5, 19, 24, 31, 37]","[1, 9]"
2014-05-09,2014,"[3, 21, 26, 28, 45]","[7, 10]"
2014-05-13,2014,"[4, 13, 30, 34, 47]","[2, 6]"
2014-05-16,2014,"[23, 26, 29, 37, 40]","[3, 4]"
2014-05-20,2014,"[5, 33, 36, 38, 47]","[4, 9]"
2014-05-23,2014,"[3, 8, 31, 34, 47]","[9, 11]"
2014-05-27,2014,"[7, 13, 16, 25, 26]","[1, 6]"
2014-05-30,2014,"[5, 24, 27, 41, 45]","[6, 7]"
2014-06-03,2014,"[2, 15, 32, 39, 44]","[5, 10]"
2014-06-06,2014,"[7, 25, 34, 40, 49]","[9, 11]"
2014-06-10,2014,"[12, 18, 21, 32, 33]","[1, 11]"
2014-06-13,2014,"[16, 18, 22, 28, 46]","[9, 11]"
2014-06-17,2014,"[11, 13, 37, 40, 48]","[8, 9]"
2014-06-20,2014,"[5, 15, 25, 38, 49]","[1, 2]"
2014-06-24,2014,"[1, 7, 20, 21, 48]","[4, 7]"
2014-06-27,2014,"[31, 33, 34, 39, 45]","[2, 10]"
2014-07-01,2014,"[18, 22, 25, 27, 39]","[5, 10]"
2014-07-04,2014,"[4, 18, 39, 43, 47]","[2, 6]"
2014-07-08,2014,"[8, 18, 22, 24, 27]","[4, 11]"
2014-07-11,2014,"[5, 22, 35, 38, 49]","[4, 7]"
2014-07-15,2014,"[15, 18, 20, 27, 34]","[1, 3]"
2014-07-18,2014,"[1, 11, 29, 41, 43]","[3, 11]"
2014-07-22,2014,"[1, 24, 43, 45, 50]","[5, 8]"
2014-07-25,2014,"[9, 10, 12, 24, 43]","[5, 9]"
2014-07-29,2014,"[10, 23, 35, 40, 43]","[3, 9]"
2014-08-01,2014,"[24, 44, 46, 48, 50]","[5, 10]"
2014-08-05,2014,"[5, 7, 19, 21, 42]","[5, 11]"
2014-08-08,2014,"[21, 29, 35, 43, 46]","[1, 9]"
2014-08-12,2014,"[7, 16, 19, 22, 33]","[2, 5]"
2014-08-15,2014,"[4, 5, 21, 23, 30]","[8, 10]"
2014-08-19,2014,"[4, 7, 11, 34, 47]","[7, 8]"
2014-08-22,2014,"[4, 17, 29, 35, 49]","[1, 2]"
2014-08-26,2014,"[10, 22, 36, 45, 48]","[4, 11]"
2014-08-29,2014,"[2, 9, 26, 32, 38]","[3, 6]"
2014-09-02,2014,"[5, 25, 31, 39, 45]","[1, 8]"
2014-09-05,2014,"[1, 18, 23, 46, 50]","[3, 9]"
2014-09-09,2014,"[8, 15, 19, 24, 35]","[8, 10]"
2014-09-12,2014,"[9, 13, 26, 31, 33]","[7, 11]"
2014-09-16,2014,"[4, 29, 30, 35, 50]","[2, 4]"
2014-09-19,2014,"[6, 8, 34, 38, 48]","[3, 9]"
2014-09-23,2014,"[12, 13, 14, 29, 35]","[1, 7]"
2014-09-26,2014,"[13, 27, 35, 46, 47]","[1, 2]"
2014-09-30,2014,"[3, 13, 15, 33, 42]","[5, 7]"
2014-10-03,2014,"[4, 13, 23, 48, 50]","[5, 10]"
2014-10-07,2014,"[9, 21, 28, 30, 38]","[1, 8]"
2014-10-10,2014,"[6, 29, 42, 45, 47]","[9, 10]"
2014-10-14,2014,"[4, 5, 15, 23, 32]","[3, 7]"
2014-10-17,2014,"[1, 13, 40, 48, 49]","[8, 10]"
2014-10-21,2014,"[20, 21, 27, 33, 40]","[3, 10]"
2014-10-24,2014,"[3, 9, 20, 30, 42]","[1, 6]"
2014-10-28,2014,"[10, 15, 17, 40, 45]","[1, 2]"
2014-10-31,2014,"[10, 13, 20, 33, 41]","[3, 9]"
2014-11-04,2014,"[1, 6, 13, 17, 26]","[3, 5]"
2014-11-07,2014,"[13, 25, 32, 38, 46]","[1, 10]"
2014-11-11,2014,"[2, 14, 21, 36, 46]","[7, 11]"
2014-11-14,2014,"[17, 32, 36, 38, 48]","[5, 8]"
2014-11-18,2014,"[2, 3, 17, 36, 38]","[4, 11]"
2014-11-21,2014,"[4, 7, 28, 32, 37]","[5, 10]"
2014-11-25,2014,"[3, 7, 25, 32, 36]","[1, 6]"
2014-11-28,2014,"[6, 10, 15, 23, 41]","[4, 10]"
2014-12-02,2014,"[3, 15, 25, 44, 49]","[1, 9]"
2014-12-05,2014,"[5, 8, 37, 47, 48]","[2, 3]"
2014-12-09,2014,"[1, 3, 31, 42, 46]","[4, 11]"
2014-12-12,2014,"[2, 15, 28, 31, 37]","[4, 6]"
2014-12-16,2014,"[3, 7, 12, 13, 25]","[5, 8]"
2014-12-19,2014,"[23, 29, 31, 39, 44]","[5, 8]"
2014-12-23,2014,"[8, 9, 19, 25, 49]","[2, 10]"
2014-12-26,2014,"[17, 26, 27, 45, 49]","[2, 3]"
2014-12-30,2014,"[6, 18, 39, 44, 50]","[8, 11]"
2015-01-02,2015,"[22, 24, 25, 28, 49]","[3, 6]"
2015-01-06,2015,"[14, 20, 30, 38, 49]","[3, 4]"
2015-01-09,2015,"[6, 21, 24, 32, 45]","[1, 11]"
2015-01-13,2015,"[8, 17, 21, 31, 34]","[9, 10]"
2015-01-16,2015,"[29, 30, 32, 34, 46]","[3, 6]"
2015-01-20,2015,"[15, 33, 41, 44, 47]","[8, 10]"
2015-01-23,2015,"[6, 29, 30, 38, 45]","[1, 8]"
2015-01-27,2015,"[5, 10, 31, 33, 40]","[8, 10]"
2015-01-30,2015,"[9, 13, 15, 19, 24]","[3, 8]"
2015-02-03,2015,"[17, 31, 33, 44, 50]","[7, 11]"
2015-02-06,2015,"[10, 26, 30, 39, 50]","[7, 8]"
2015-02-10,2015,"[13, 17, 20, 30, 45]","[9, 10]"
2015-02-13,2015,"[12, 24, 39, 42, 44]","[3, 11]"
2015-02-17,2015,"[2, 5, 18, 30, 43]","[1, 10]"
2015-02-20,2015,"[4, 10, 14, 37, 46]","[4, 7]"
2015-02-24,2015,"[3, 25, 28, 34, 50]","[1, 11]"
2015-02-27,2015,"[5, 14, 17, 25, 47]","[9, 10]"
2015-03-03,2015,"[6, 8, 11, 13, 21]","[7, 8]"
2015-03-06,2015,"[23, 30, 47, 49, 50]","[2, 7]"
2015-03-10,2015,"[2, 6, 23, 30, 31]","[2, 10]"
2015-03-13,2015,"[4, 5, 18, 22, 23]","[1, 3]"
2015-03-17,2015,"[11, 23, 26, 38, 44]","[1, 8]"
2015-03-20,2015,"[3, 14, 37, 42, 48]","[1, 10]"
2015-03-24,2015,"[10, 24, 26, 39, 40]","[3, 10]"
2015-03-27,2015,"[2, 30, 32, 39, 44]","[6, 10]"
2015-03-31,2015,"[8, 20, 24, 28, 49]","[8, 9]"
2015-04-03,2015,"[27, 29, 37, 39, 49]","[2, 4]"
2015-04-07,2015,"[18, 25, 39, 44, 50]","[5, 8]"
2015-04-10,2015,"[22, 23, 25, 30, 43]","[5, 9]"
2015-04-14,2015,"[24, 32, 34, 35, 49]","[1, 2]"
2015-04-17,2015,"[2, 24, 30, 34, 39]","[8, 11]"
2015-04-21,2015,"[6, 14, 17, 42, 45]","[1, 8]"
2015-04-24,2015,"[5, 19, 29, 31, 40]","[3, 10]"
2015-04-28,2015,"[24, 26, 28, 36, 45]","[7, 10]"
2015-05-01,2015,"[3, 19, 20, 25, 26]","[6, 10]"
2015-05-05,2015,"[1, 10, 17, 20, 42]","[8, 9]"
2015-05-08,2015,"[7, 14, 19, 47, 49]","[3, 10]"
2015-05-12,2015,"[14, 29, 30, 40, 46]","[3, 6]"
2015-05-15,2015,"[5, 35, 42, 44, 47]","[8, 9]"
2015-05-19,2015,"[26, 30, 31, 35, 37]","[8, 11]"
2015-05-22,2015,"[18, 24, 35, 44, 45]","[5, 11]"
2015-05-26,2015,"[5, 6, 7, 21, 24]","[5, 6]"
2015-05-29,2015,"[3, 4, 20, 45, 48]","[6, 8]"
2015-06-02,2015,"[7, 23, 29, 37, 41]","[1, 8]"
2015-06-05,2015,"[2, 7, 8, 45, 48]","[1, 9]"
2015-06-09,2015,"[5, 9, 17, 32, 34]","[6, 8]"
2015-06-12,2015,"[5, 8, 10, 11, 37]","[7, 9]"
2015-06-16,2015,"[10, 15, 16, 36, 37]","[3, 9]"
2015-06-19,2015,"[7, 14, 20, 31, 42]","[3, 9]"
2015-06-23,2015,"[4, 16, 22, 38, 49]","[6, 9]"
2015-06-26,2015,"[3, 6, 10, 19, 24]","[5, 7]"
2015-06-30,2015,"[11, 15, 28, 34, 37]","[1, 8]"
2015-07-03,2015,"[11, 12, 15, 18, 44]","[3, 9]"
2015-07-07,2015,"[6, 7, 18, 33, 41]","[3, 10]"
2015-07-10,2015,"[5, 8, 15, 35, 41]","[4, 5]"
2015-07-14,2015,"[6, 18, 19, 34, 36]","[1, 8]"
2015-07-17,2015,"[1, 21, 22, 43, 48]","[7, 9]"
2015-07-21,2015,"[14, 20, 27, 29, 44]","[7, 10]"
2015-07-24,2015,"[2, 9, 21, 35, 46]","[2, 11]"
2015-07-28,2015,"[23, 32, 36, 43, 49]","[7, 8]"
2015-07-31,2015,"[16, 21, 34, 40, 50]","[6, 9]"
2015-08-04,2015,"[10, 15, 39, 45, 50]","[9, 10]"
2015-08-07,2015,"[1, 5, 21, 39, 44]","[4, 11]"
2015-08-11,2015,"[2, 3, 8, 15, 16]","[4, 11]"
2015-08-14,2015,"[4, 7, 39, 44, 45]","[3, 5]"
2015-08-18,2015,"[7, 10, 11, 12, 19]","[2, 9]"
2015-08-21,2015,"[4, 16, 18, 43, 47]","[6, 10]"
2015-08-25,2015,"[27, 31, 33, 42, 50]","[2, 5]"
2015-08-28,2015,"[11, 29, 30, 31, 34]","[4, 7]"
2015-09-01,2015,"[6, 19, 21, 27, 45]","[1, 8]"
2015-09-04,2015,"[8, 9, 27, 45, 50]","[8, 10]"
2015-09-08,2015,"[14, 16, 39, 40, 42]","[1, 4]"
2015-09-11,2015,"[10, 18, 19, 29, 50]","[1, 9]"
2015-09-15,2015,"[8, 15, 17, 44, 49]","[5, 8]"
2015-09-18,2015,"[7, 29, 33, 34, 39]","[7, 8]"
2015-09-22,2015,"[14, 23, 26, 27, 29]","[7, 10]"
2015-09-25,2015,"[13, 14, 23, 30, 37]","[2, 8]"
2015-09-29,2015,"[11, 14, 26, 29, 49]","[3, 9]"
2015-10-02,2015,"[7, 18, 21, 32, 35]","[2, 11]"
2015-10-06,2015,"[11, 20, 22, 29, 32]","[1, 8]"
2015-10-09,2015,"[1, 40, 42, 43, 47]","[9, 11]"
2015-10-13,2015,"[12, 15, 26, 29, 47]","[3, 11]"
2015-10-16,2015,"[7, 28, 29, 43, 48]","[3, 10]"
2015-10-20,2015,"[17, 19, 21, 30, 45]","[8, 10]"
2015-10-23,2015,"[7, 25, 30, 32, 39]","[2, 8]"
2015-10-27,2015,"[11, 12, 20, 25, 36]","[6, 9]"
2015-10-30,2015,"[8, 13, 17, 21, 34]","[6, 7]"
2015-11-03,2015,"[8, 27, 39, 46, 49]","[2, 6]"
2015-11-06,2015,"[3, 17, 26, 38, 40]","[4, 10]"
2015-11-10,2015,"[6, 13, 18, 39, 43]","[2, 8]"
2015-11-13,2015,"[10, 17, 18, 33, 40]","[2, 8]"
2015-11-17,2015,"[6, 7, 23, 37, 38]","[10, 11]"
2015-11-20,2015,"[4, 30, 34, 46, 49]","[7, 8]"
2015-11-24,2015,"[9, 14, 16, 17, 26]","[10, 11]"
2015-11-27,2015,"[16, 29, 30, 37, 50]","[6, 8]"
2015-12-01,2015,"[2, 15, 25, 35, 45]","[8, 10]"
2015-12-04,2015,"[8, 17, 18, 27, 39]","[1, 7]"
2015-12-08,2015,"[12, 17, 29, 38, 48]","[9, 11]"
2015-12-11,2015,"[3, 5, 21, 40, 43]","[6, 11]"
2015-12-15,2015,"[8, 11, 23, 27, 35]","[4, 11]"
2015-12-18,2015,"[6, 22, 26, 29, 48]","[5, 6]"
2015-12-22,2015,"[18, 19, 20, 40, 41]","[7, 10]"
2015-12-25,2015,"[3, 10, 25, 27, 40]","[3, 9]"
2015-12-29,2015,"[5, 20, 31, 32, 36]","[6, 7]"
2016-01-01,2016,"[4, 37, 38, 39, 44]","[4, 7]"
2016-01-05,2016,"[6, 10, 31, 36, 39]","[6, 10]"
2016-01-08,2016,"[5, 26, 33, 35, 40]","[3, 8]"
2016-01-12,2016,"[1, 2, 10, 30, 44]","[1, 8]"
2016-01-15,2016,"[10, 19, 38, 43, 46]","[1, 11]"
2016-01-19,2016,"[2, 30, 38, 43, 46]","[2, 7]"
2016-01-22,2016,"[10, 12, 27, 30, 47]","[8, 9]"
2016-01-26,2016,"[15, 24, 38, 40, 48]","[2, 9]"
2016-01-29,2016,"[1, 5, 23, 29, 32]","[1, 7]"
2016-02-02,2016,"[6, 9, 10, 21, 36]","[2, 6]"
2016-02-05,2016,"[3, 27, 32, 41, 46]","[4, 8]"
2016-02-09,2016,"[6, 9, 13, 28, 37]","[4, 5]"
2016-02-12,2016,"[3, 20, 28, 31, 49]","[2, 5]"
2016-02-16,2016,"[3, 10, 22, 37, 50]","[6, 10]"
2016-02-19,2016,"[13, 14, 30, 32, 39]","[3, 9]"
2016-02-23,2016,"[23, 25, 32, 37, 42]","[1, 11]"
2016-02-26,2016,"[5, 13, 15, 33, 50]","[9, 11]"
2016-03-01,2016,"[4, 7, 13, 28, 37]","[10, 11]"
2016-03-04,2016,"[9, 14, 16, 23, 40]","[1, 5]"
2016-03-08,2016,"[1, 8, 9, 14, 23]","[1, 7]"
2016-03-11,2016,"[1, 21, 26, 40, 43]","[6, 9]"
2016-03-15,2016,"[5, 7, 10, 34, 44]","[2, 10]"
2016-03-18,2016,"[14, 19, 21, 24, 49]","[5, 11]"
2016-03-22,2016,"[12, 15, 26, 42, 49]","[5, 8]"
2016-03-25,2016,"[12, 19, 36, 42, 43]","[5, 8]"
2016-03-29,2016,"[1, 4, 19, 25, 36]","[3, 11]"
2016-04-01,2016,"[2, 16, 23, 25, 49]","[6, 9]"
2016-04-05,2016,"[3, 5, 9, 19, 40]","[2, 5]"
2016-04-08,2016,"[6, 8, 26, 43, 49]","[6, 10]"
2016-04-12,2016,"[1, 5, 9, 22, 38]","[2, 10]"
2016-04-15,2016,"[13, 14, 32, 37, 48]","[1, 7]"
2016-04-19,2016,"[11, 14, 15, 27, 44]","[2, 7]"
2016-04-22,2016,"[17, 26, 32, 34, 43]","[2, 10]"
2016-04-26,2016,"[10, 17, 31, 32, 42]","[2, 5]"
2016-04-29,2016,"[4, 5, 25, 28, 43]","[6, 11]"
2016-05-03,2016,"[8, 23, 24, 34, 38]","[3, 7]"
2016-05-06,2016,"[32, 34, 40, 45, 48]","[1, 10]"
2016-05-10,2016,"[2, 26, 27, 40, 49]","[5, 10]"
2016-05-13,2016,"[7, 15, 28, 31, 42]","[10, 11]"
2016-05-17,2016,"[15, 27, 32, 36, 39]","[3, 10]"
2016-05-20,2016,"[9, 14, 30, 41, 45]","[4, 9]"
2016-05-24,2016,"[16, 17, 23, 34, 37]","[6, 9]"
2016-05-27,2016,"[13, 25, 27, 43, 46]","[4, 8]"
2016-05-31,2016,"[6, 12, 26, 30, 48]","[6, 7]"
2016-06-03,2016,"[7, 23, 31, 33, 39]","[6, 10]"
2016-06-07,2016,"[19, 26, 35, 45, 49]","[2, 5]"
2016-06-10,2016,"[14, 21, 35, 42, 43]","[7, 9]"
2016-06-14,2016,"[13, 34, 39, 42, 50]","[9, 11]"
2016-06-17,2016,"[1, 7, 18, 27, 43]","[4, 8]"
2016-06-21,2016,"[5, 17, 32, 35, 49]","[1, 5]"
2016-06-24,2016,"[11, 19, 27, 28, 39]","[3, 10]"
2016-06-28,2016,"[26, 32, 37, 43, 49]","[4, 5]"
2016-07-01,2016,"[2, 11, 13, 40, 50]","[1, 10]"
2016-07-05,2016,"[1, 10, 29, 38, 48]","[3, 4]"
2016-07-08,2016,"[8, 12, 18, 33, 44]","[4, 8]"
2016-07-12,2016,"[3, 7, 26, 33, 41]","[2, 10]"
2016-07-15,2016,"[2, 11, 13, 14, 21]","[1, 8]"
2016-07-19,2016,"[19, 24, 28, 36, 37]","[3, 6]"
2016-07-22,2016,"[7, 24, 26, 37, 45]","[5, 9]"
2016-07-26,2016,"[3, 10, 13, 45, 49]","[2, 11]"
2016-07-29,2016,"[1, 21, 26, 40, 50]","[2, 4]"
2016-08-02,2016,"[2, 8, 27, 38, 46]","[2, 6]"
2016-08-05,2016,"[16, 19, 24, 35, 37]","[2, 7]"
2016-08-09,2016,"[12, 19, 43, 44, 45]","[5, 10]"
2016-08-12,2016,"[2, 15, 28, 36, 50]","[2, 11]"
2016-08-16,2016,"[2, 26, 34, 37, 46]","[4, 8]"
2016-08-19,2016,"[5, 6, 22, 25, 34]","[5, 7]"
2016-08-23,2016,"[2, 23, 31, 37, 45]","[4, 8]"
2016-08-26,2016,"[1, 9, 28, 30, 48]","[7, 8]"
2016-08-30,2016,"[13, 16, 29, 35, 42]","[6, 8]"
2016-09-02,2016,"[8, 16, 32, 40, 50]","[2, 11]"
2016-09-06,2016,"[12, 24, 30, 34, 45]","[7, 10]"
2016-09-09,2016,"[4, 11, 15, 17, 28]","[1, 3]"
2016-09-13,2016,"[4, 7, 16, 35, 44]","[1, 3]"
2016-09-16,2016,"[5, 8, 14, 22, 32]","[2, 11]"
2016-09-20,2016,"[1, 4, 10, 41, 45]","[6, 9]"
2016-09-23,2016,"[14, 16, 39, 42, 49]","[3, 9]"
2016-09-27,2016,"[6, 9, 13, 39, 41]","[2, 12]"
2016-09-30,2016,"[17, 35, 37, 43, 44]","[2, 10]"
2016-10-04,2016,"[4, 7, 14, 34, 38]","[4, 11]"
2016-10-07,2016,"[2, 12, 20, 27, 30]","[9, 11]"
2016-10-11,2016,"[5, 12, 20, 24, 37]","[4, 11]"
2016-10-14,2016,"[7, 13, 19, 31, 34]","[1, 11]"
2016-10-18,2016,"[2, 17, 21, 25, 27]","[6, 9]"
2016-10-21,2016,"[9, 20, 23, 44, 48]","[8, 10]"
2016-10-25,2016,"[3, 15, 20, 21, 28]","[1, 5]"
2016-10-28,2016,"[10, 16, 19, 23, 43]","[2, 8]"
2016-11-01,2016,"[6, 10, 20, 29, 37]","[1, 9]"
2016-11-04,2016,"[7, 11, 12, 44, 48]","[3, 7]"
2016-11-08,2016,"[5, 9, 47, 49, 50]","[8, 9]"
2016-11-11,2016,"[3, 22, 23, 38, 49]","[2, 9]"
2016-11-15,2016,"[7, 15, 36, 42, 48]","[3, 7]"
2016-11-18,2016,"[3, 12, 27, 32, 47]","[6, 8]"
2016-11-22,2016,"[5, 10, 33, 34, 47]","[2, 10]"
2016-11-25,2016,"[5, 11, 17, 23, 28]","[10, 11]"
2016-11-29,2016,"[21, 26, 27, 28, 38]","[9, 11]"
2016-12-02,2016,"[6, 11, 23, 31, 32]","[2, 12]"
2016-12-06,2016,"[1, 7, 11, 27, 45]","[4, 9]"
2016-12-09,2016,"[6, 12, 28, 37, 40]","[1, 5]"
2016-12-13,2016,"[14, 28, 29, 48, 50]","[2, 8]"
2016-12-16,2016,"[6, 10, 30, 41, 45]","[4, 11]"
2016-12-20,2016,"[13, 15, 17, 21, 27]","[2, 3]"
2016-12-23,2016,"[4, 16, 20, 39, 46]","[2, 5]"
2016-12-27,2016,"[3, 22, 25, 32, 39]","[7, 12]"
2016-12-30,2016,"[8, 10, 22, 29, 47]","[1, 3]"
2017-01-03,2017,"[19, 23, 27, 34, 49]","[1, 11]"
2017-01-06,2017,"[10, 14, 18, 21, 49]","[9, 11]"
2017-01-10,2017,"[2, 11, 29, 35, 44]","[4, 9]"
2017-01-13,2017,"[3, 7, 16, 26, 50]","[4, 7]"
2017-01-17,2017,"[4, 16, 25, 43, 47]","[2, 10]"
2017-01-20,2017,"[10, 17, 27, 31, 49]","[3, 5]"
2017-01-24,2017,"[1, 5, 7, 17, 23]","[3, 8]"
2017-01-27,2017,"[17, 20, 28, 45, 48]","[5, 9]"
2017-01-31,2017,"[3, 4, 17, 23, 44]","[6, 9]"
2017-02-03,2017,"[3, 4, 15, 46, 50]","[5, 9]"
2017-02-07,2017,"[4, 10, 31, 38, 44]","[8, 10]"
2017-02-10,2017,"[7, 21, 26, 35, 43]","[2, 9]"
2017-02-14,2017,"[2, 10, 24, 40, 44]","[3, 10]"
2017-02-17,2017,"[19, 25, 33, 36, 48]","[2, 9]"
2017-02-21,2017,"[13, 19, 41, 45, 49]","[3, 4]"
2017-02-24,2017,"[2, 4, 13, 22, 43]","[8, 9]"
2017-02-28,2017,"[10, 20, 31, 35, 42]","[2, 12]"
2017-03-03,2017,"[2, 11, 29, 30, 47]","[1, 12]"
2017-03-07,2017,"[6, 37, 41, 48, 50]","[4, 5]"
2017-03-10,2017,"[31, 36, 38, 47, 49]","[8, 11]"
2017-03-14,2017,"[3, 5, 21, 36, 44]","[3, 6]"
2017-03-17,2017,"[6, 10, 19, 29, 36]","[3, 9]"
2017-03-21,2017,"[1, 20, 23, 44, 47]","[4, 11]"
2017-03-24,2017,"[2, 17, 21, 27, 34]","[5, 9]"
2017-03-28,2017,"[9, 13, 31, 33, 46]","[6, 10]"
2017-03-31,2017,"[17, 24, 26, 28, 45]","[4, 12]"
2017-04-04,2017,"[1, 9, 24, 33, 34]","[2, 6]"
2017-04-07,2017,"[2, 10, 19, 35, 50]","[6, 7]"
2017-04-11,2017,"[5, 21, 22, 31, 49]","[2, 8]"
2017-04-14,2017,"[4, 14, 20, 23, 33]","[6, 10]"
2017-04-18,2017,"[17, 22, 31, 38, 45]","[5, 12]"
2017-04-21,2017,"[2, 13, 16, 22, 49]","[4, 5]"
2017-04-25,2017,"[9, 11, 19, 32, 43]","[3, 9]"
2017-04-28,2017,"[14, 20, 25, 30, 39]","[2, 8]"
2017-05-02,2017,"[6, 19, 23, 25, 27]","[11, 12]"
2017-05-05,2017,"[3, 7, 30, 35, 43]","[1, 3]"
2017-05-09,2017,"[8, 12, 16, 22, 26]","[6, 7]"
2017-05-12,2017,"[2, 20, 28, 29, 44]","[3, 9]"
2017-05-16,2017,"[8, 11, 15, 20, 30]","[3, 8]"
2017-05-19,2017,"[9, 11, 12, 19, 30]","[4, 9]"
2017-05-23,2017,"[8, 15, 25, 27, 42]","[1, 4]"
2017-05-26,2017,"[5, 7, 26, 36, 39]","[2, 10]"
2017-05-30,2017,"[7, 12, 27, 38, 48]","[6, 9]"
2017-06-02,2017,"[8, 10, 24, 33, 42]","[3, 9]"
2017-06-06,2017,"[20, 22, 25, 37, 40]","[3, 7]"
2017-06-09,2017,"[9, 20, 27, 39, 43]","[10, 11]"
2017-06-13,2017,"[3, 12, 22, 27, 49]","[4, 11]"
2017-06-16,2017,"[15, 17, 38, 41, 42]","[9, 12]"
2017-06-20,2017,"[11, 18, 26, 43, 44]","[8, 10]"
2017-06-23,2017,"[3, 4, 21, 31, 38]","[3, 7]"
2017-06-27,2017,"[9, 17, 21, 28, 45]","[1, 3]"
2017-06-30,2017,"[17, 35, 39, 47, 50]","[6, 8]"
2017-07-04,2017,"[10, 22, 25, 37, 49]","[5, 8]"
2017-07-07,2017,"[11, 20, 35, 37, 45]","[3, 6]"
2017-07-11,2017,"[14, 22, 26, 42, 50]","[8, 10]"
2017-07-14,2017,"[11, 14, 20, 21, 47]","[7, 10]"
2017-07-18,2017,"[1, 25, 27, 41, 45]","[5, 7]"
2017-07-21,2017,"[1, 8, 9, 26, 49]","[5, 9]"
2017-07-25,2017,"[12, 14, 43, 44, 48]","[2, 11]"
2017-07-28,2017,"[5, 9, 29, 31, 41]","[2, 4]"
2017-08-01,2017,"[14, 21, 24, 29, 30]","[8, 10]"
2017-08-04,2017,"[29, 30, 36, 40, 41]","[2, 9]"
2017-08-08,2017,"[15, 25, 26, 40, 41]","[4, 5]"
2017-08-11,2017,"[18, 28, 39, 46, 48]","[5, 12]"
2017-08-15,2017,"[10, 14, 30, 35, 46]","[4, 10]"
2017-08-18,2017,"[2, 24, 39, 42, 45]","[2, 8]"
2017-08-22,2017,"[3, 10, 12, 17, 27]","[3, 5]"
2017-08-25,2017,"[1, 5, 7, 15, 47]","[9, 12]"
2017-08-29,2017,"[4, 12, 15, 32, 38]","[1, 5]"
2017-09-01,2017,"[3, 7, 8, 14, 49]","[5, 8]"
2017-09-05,2017,"[6, 9, 18, 28, 29]","[1, 9]"
2017-09-08,2017,"[9, 24, 42, 47, 49]","[1, 5]"
2017-09-12,2017,"[10, 17, 27, 29, 35]","[4, 11]"
2017-09-15,2017,"[13, 18, 37, 44, 49]","[9, 12]"
2017-09-19,2017,"[1, 8, 21, 30, 45]","[2, 3]"
2017-09-22,2017,"[6, 11, 31, 39, 42]","[1, 3]"
2017-09-26,2017,"[1, 29, 40, 41, 48]","[6, 12]"
2017-09-29,2017,"[7, 18, 19, 32, 48]","[3, 7]"
2017-10-03,2017,"[6, 24, 32, 48, 50]","[1, 5]"
2017-10-06,2017,"[1, 9, 15, 19, 25]","[1, 7]"
2017-10-10,2017,"[4, 21, 34, 36, 37]","[3, 6]"
2017-10-13,2017,"[23, 29, 37, 45, 50]","[5, 11]"
2017-10-17,2017,"[13, 17, 19, 26, 36]","[2, 3]"
2017-10-20,2017,"[4, 17, 23, 27, 30]","[3, 8]"
2017-10-24,2017,"[9, 11, 13, 27, 33]","[7, 10]"
2017-10-27,2017,"[3, 16, 23, 32, 39]","[1, 4]"
2017-10-31,2017,"[1, 12, 36, 43, 46]","[3, 5]"
2017-11-03,2017,"[5, 12, 17, 33, 41]","[4, 9]"
2017-11-07,2017,"[7, 19, 20, 37, 41]","[2, 12]"
2017-11-10,2017,"[13, 22, 29, 36, 37]","[1, 9]"
2017-11-14,2017,"[14, 16, 39, 40, 41]","[8, 10]"
2017-11-17,2017,"[20, 26, 35, 36, 42]","[5, 12]"
2017-11-21,2017,"[2, 10, 14, 28, 31]","[5, 7]"
2017-11-24,2017,"[19, 24, 28, 30, 50]","[3, 10]"
2017-11-28,2017,"[1, 6, 12, 18, 42]","[2, 7]"
2017-12-01,2017,"[5, 24, 29, 35, 46]","[11, 12]"
2017-12-05,2017,"[11, 36, 43, 44, 48]","[2, 7]"
2017-12-08,2017,"[4, 22, 30, 32, 34]","[3, 4]"
2017-12-12,2017,"[20, 37, 39, 44, 50]","[4, 8]"
2017-12-15,2017,"[25, 30, 31, 42, 50]","[2, 11]"
2017-12-19,2017,"[8, 15, 30, 38, 46]","[4, 7]"
2017-12-22,2017,"[5, 24, 30, 31, 43]","[3, 6]"
2017-12-26,2017,"[4, 17, 30, 43, 44]","[2, 10]"
2017-12-29,2017,"[4, 8, 22, 23, 48]","[1, 12]"
2018-01-02,2018,"[10, 20, 21, 28, 48]","[1, 8]"
2018-01-05,2018,"[2, 5, 20, 38, 41]","[4, 8]"
2018-01-09,2018,"[6, 12, 15, 38, 49]","[2, 9]"
2018-01-12,2018,"[13, 21, 23, 30, 45]","[4, 6]"
2018-01-16,2018,"[20, 23, 31, 34, 46]","[3, 12]"
2018-01-19,2018,"[3, 8, 17, 44, 50]","[2, 7]"
2018-01-23,2018,"[5, 8, 9, 23, 24]","[7, 8]"
2018-01-26,2018,"[6, 15, 24, 28, 48]","[4, 9]"
2018-01-30,2018,"[11, 15, 21, 27, 35]","[4, 5]"
2018-02-02,2018,"[14, 34, 36, 39, 48]","[2, 3]"
2018-02-06,2018,"[8, 17, 28, 34, 38]","[6, 12]"
2018-02-09,2018,"[22, 31, 36, 38, 44]","[1, 11]"
2018-02-13,2018,"[10, 13, 17, 21, 44]","[1, 10]"
2018-02-16,2018,"[10, 12, 23, 32, 50]","[4, 10]"
2018-02-20,2018,"[6, 14, 19, 25, 29]","[5, 11]"
2018-02-23,2018,"[10, 17, 18, 28, 47]","[3, 7]"
2018-02-27,2018,"[3, 31, 41, 48, 50]","[8, 11]"
2018-03-02,2018,"[2, 7, 34, 45, 48]","[1, 12]"
2018-03-06,2018,"[15, 20, 26, 31, 44]","[2, 9]"
2018-03-09,2018,"[9, 14, 21, 32, 44]","[1, 12]"
2018-03-13,2018,"[9, 11, 13, 33, 49]","[6, 12]"
2018-03-16,2018,"[4, 17, 24, 27, 31]","[10, 11]"
2018-03-20,2018,"[26, 29, 37, 39, 44]","[9, 11]"
2018-03-23,2018,"[5, 7, 11, 46, 50]","[8, 11]"
2018-03-27,2018,"[17, 20, 23, 40, 46]","[9, 10]"
2018-03-30,2018,"[12, 17, 28, 35, 47]","[7, 11]"
2018-04-03,2018,"[3, 8, 16, 40, 43]","[5, 8]"
2018-04-06,2018,"[1, 29, 33, 45, 47]","[4, 8]"
2018-04-10,2018,"[14, 27, 39, 46, 48]","[11, 12]"
2018-04-13,2018,"[5, 25, 34, 48, 50]","[6, 7]"
2018-04-17,2018,"[15, 27, 33, 39, 50]","[4, 6]"
2018-04-20,2018,"[3, 16, 25, 39, 44]","[7, 11]"
2018-04-24,2018,"[20, 23, 28, 30, 44]","[3, 7]"
2018-04-27,2018,"[12, 24, 40, 41, 46]","[5, 12]"
2018-05-01,2018,"[6, 15, 17, 42, 48]","[4, 6]"
2018-05-04,2018,"[6, 12, 23, 39, 45]","[9, 12]"
2018-05-08,2018,"[17, 25, 35, 39, 44]","[2, 5]"
2018-05-11,2018,"[3, 22, 34, 49, 50]","[8, 11]"
2018-05-15,2018,"[4, 16, 20, 31, 39]","[2, 12]"
2018-05-18,2018,"[5, 8, 10, 13, 31]","[3, 6]"
2018-05-22,2018,"[1, 11, 37, 41, 48]","[8, 12]"
2018-05-25,2018,"[13, 15, 16, 28, 41]","[4, 5]"
2018-05-29,2018,"[6, 11, 20, 38, 43]","[2, 4]"
2018-06-01,2018,"[17, 18, 24, 29, 40]","[4, 5]"
2018-06-05,2018,"[9, 15, 22, 39, 46]","[4, 5]"
2018-06-08,2018,"[8, 19, 32, 43, 46]","[2, 8]"
2018-06-12,2018,"[7, 21, 23, 36, 38]","[6, 8]"
2018-06-15,2018,"[23, 26, 33, 38, 49]","[1, 12]"
2018-06-19,2018,"[7, 19, 26, 42, 50]","[4, 9]"
2018-06-22,2018,"[14, 25, 39, 41, 44]","[2, 8]"
2018-06-26,2018,"[15, 16, 20, 34, 50]","[4, 7]"
2018-06-29,2018,"[15, 21, 23, 40, 48]","[3, 12]"
2018-07-03,2018,"[1, 12, 15, 29, 48]","[3, 5]"
2018-07-06,2018,"[8, 30, 33, 38, 48]","[2, 10]"
2018-07-10,2018,"[3, 8, 26, 33, 45]","[7, 10]"
2018-07-13,2018,"[1, 4, 14, 21, 49]","[2, 12]"
2018-07-17,2018,"[4, 6, 27, 48, 50]","[1, 11]"
2018-07-20,2018,"[2, 15, 40, 43, 46]","[3, 6]"
2018-07-24,2018,"[2, 4, 23, 39, 40]","[3, 9]"
2018-07-27,2018,"[11, 17, 22, 23, 41]","[6, 11]"
2018-07-31,2018,"[20, 25, 34, 42, 45]","[6, 11]"
2018-08-03,2018,"[7, 26, 36, 38, 43]","[6, 12]"
2018-08-07,2018,"[16, 28, 29, 30, 36]","[8, 10]"
2018-08-10,2018,"[18, 20, 36, 43, 44]","[3, 9]"
2018-08-14,2018,"[1, 15, 18, 25, 31]","[9, 11]"
2018-08-17,2018,"[2, 15, 18, 24, 43]","[8, 12]"
2018-08-21,2018,"[16, 23, 42, 43, 49]","[10, 12]"
2018-08-24,2018,"[3, 14, 31, 36, 50]","[1, 12]"
2018-08-28,2018,"[4, 16, 32, 42, 46]","[8, 12]"
2018-08-31,2018,"[4, 30, 31, 38, 42]","[4, 6]"
2018-09-04,2018,"[5, 14, 28, 30, 47]","[4, 11]"
2018-09-07,2018,"[4, 23, 27, 31, 50]","[1, 8]"
2018-09-11,2018,"[9, 18, 32, 38, 46]","[2, 3]"
2018-09-14,2018,"[1, 3, 33, 40, 45]","[3, 4]"
2018-09-18,2018,"[3, 8, 10, 32, 45]","[4, 12]"
2018-09-21,2018,"[5, 7, 21, 25, 37]","[3, 4]"
2018-09-25,2018,"[6, 15, 20, 30, 38]","[4, 7]"
2018-09-28,2018,"[2, 4, 8, 27, 50]","[2, 9]"
2018-10-02,2018,"[7, 17, 29, 37, 45]","[3, 11]"
2018-10-05,2018,"[8, 16, 24, 26, 35]","[3, 11]"
2018-10-09,2018,"[3, 12, 36, 44, 45]","[8, 11]"
2018-10-12,2018,"[4, 9, 12, 31, 43]","[5, 8]"
2018-10-16,2018,"[15, 28, 37, 40, 42]","[1, 6]"
2018-10-19,2018,"[1, 3, 29, 47, 48]","[3, 12]"
2018-10-23,2018,"[1, 2, 5, 21, 32]","[2, 12]"
2018-10-26,2018,"[5, 18, 21, 31, 35]","[6, 9]"
2018-10-30,2018,"[17, 23, 27, 43, 44]","[1, 12]"
2018-11-02,2018,"[5, 15, 17, 37, 44]","[7, 11]"
2018-11-06,2018,"[14, 24, 36, 40, 43]","[2, 9]"
2018-11-09,2018,"[14, 17, 32, 37, 49]","[11, 12]"
2018-11-13,2018,"[2, 7, 10, 13, 42]","[3, 6]"
2018-11-16,2018,"[9, 10, 13, 28, 41]","[1, 12]"
2018-11-20,2018,"[6, 19, 39, 45, 48]","[7, 12]"
2018-11-23,2018,"[5, 8, 25, 26, 30]","[3, 10]"
2018-11-27,2018,"[4, 16, 17, 18, 32]","[2, 11]"
2018-11-30,2018,"[3, 10, 12, 23, 26]","[1, 12]"
2018-12-04,2018,"[19, 20, 21, 42, 45]","[8, 9]"
2018-12-07,2018,"[11, 17, 26, 37, 48]","[1, 10]"
2018-12-11,2018,"[4, 7, 13, 23, 42]","[1, 3]"
2018-12-14,2018,"[12, 29, 38, 42, 44]","[2, 12]"
2018-12-18,2018,"[1, 9, 18, 39, 48]","[5, 7]"
2018-12-21,2018,"[2, 12, 15, 34, 50]","[3, 4]"
2018-12-25,2018,"[4, 5, 8, 31, 43]","[2, 9]"
2018-12-28,2018,"[13, 16, 34, 35, 45]","[10, 12]"
2019-01-01,2019,"[1, 8, 11, 25, 28]","[4, 6]"
2019-01-04,2019,"[7, 11, 19, 27, 37]","[6, 10]"
2019-01-08,2019,"[3, 19, 22, 31, 32]","[2, 11]"
2019-01-11,2019,"[1, 19, 31, 39, 48]","[1, 6]"
2019-01-15,2019,"[22, 25, 29, 33, 35]","[3, 6]"
2019-01-18,2019,"[5, 6, 16, 30, 46]","[5, 10]"
2019-01-22,2019,"[9, 23, 29, 41, 49]","[8, 10]"
2019-01-25,2019,"[1, 6, 13, 15, 16]","[6, 10]"
2019-01-29,2019,"[14, 24, 26, 32, 39]","[3, 8]"
2019-02-01,2019,"[3, 21, 26, 41, 46]","[1, 6]"
2019-02-05,2019,"[14, 25, 31, 37, 43]","[2, 3]"
2019-02-08,2019,"[11, 12, 13, 39, 46]","[7, 10]"
2019-02-12,2019,"[6, 34, 36, 41, 50]","[1, 5]"
2019-02-15,2019,"[15, 27, 34, 38, 49]","[2, 10]"
2019-02-19,2019,"[1, 8, 18, 19, 39]","[7, 9]"
2019-02-22,2019,"[3, 27, 29, 33, 50]","[3, 7]"
2019-02-26,2019,"[3, 15, 29, 35, 47]","[3, 4]"
2019-03-01,2019,"[6, 9, 19, 26, 31]","[11, 12]"
2019-03-05,2019,"[6, 10, 16, 39, 46]","[8, 11]"
2019-03-08,2019,"[17, 18, 19, 24, 40]","[4, 8]"
2019-03-12,2019,"[5, 7, 13, 19, 31]","[2, 9]"
2019-03-15,2019,"[3, 15, 24, 42, 46]","[9, 12]"
2019-03-19,2019,"[1, 6, 9, 34, 47]","[7, 12]"
2019-03-22,2019,"[4, 17, 26, 30, 43]","[6, 11]"
2019-03-26,2019,"[12, 19, 23, 43, 47]","[2, 6]"
2019-03-29,2019,"[13, 23, 26, 32, 47]","[6, 10]"
2019-04-02,2019,"[2, 9, 16, 26, 36]","[6, 7]"
2019-04-05,2019,"[1, 7, 10, 29, 45]","[3, 5]"
2019-04-09,2019,"[18, 21, 29, 38, 41]","[1, 11]"
2019-04-12,2019,"[1, 28, 35, 36, 46]","[6, 9]"
2019-04-16,2019,"[1, 8, 15, 44, 49]","[2, 11]"
2019-04-19,2019,"[7, 8, 32, 41, 49]","[5, 11]"
2019-04-23,2019,"[18, 23, 27, 42, 44]","[2, 7]"
2019-04-26,2019,"[14, 33, 35, 47, 50]","[9, 11]"
2019-04-30,2019,"[5, 12, 20, 26, 48]","[2, 11]"
2019-05-03,2019,"[2, 9, 20, 27, 43]","[5, 6]"
2019-05-07,2019,"[7, 20, 26, 32, 47]","[2, 11]"
2019-05-10,2019,"[1, 4, 27, 45, 48]","[1, 7]"
2019-05-14,2019,"[10, 14, 17, 25, 50]","[2, 10]"
2019-05-17,2019,"[16, 28, 42, 43, 45]","[6, 7]"
2019-05-21,2019,"[32, 33, 34, 39, 47]","[8, 12]"
2019-05-24,2019,"[5, 16, 23, 30, 49]","[6, 7]"
2019-05-28,2019,"[7, 19, 20, 28, 29]","[1, 5]"
2019-05-31,2019,"[1, 23, 24, 26, 35]","[1, 11]"
2019-06-04,2019,"[9, 31, 32, 39, 41]","[2, 8]"
2019-06-07,2019,"[1, 4, 16, 20, 34]","[2, 5]"
2019-06-11,2019,"[25, 27, 39, 42, 46]","[11, 12]"
2019-06-14,2019,"[1, 13, 30, 31, 39]","[2, 7]"
2019-06-18,2019,"[12, 24, 37, 40, 44]","[3, 7]"
2019-06-21,2019,"[5, 8, 9, 25, 39]","[3, 7]"
2019-06-25,2019,"[6, 26, 27, 34, 46]","[1, 9]"
2019-06-28,2019,"[1, 3, 16, 33, 49]","[2, 11]"
2019-07-02,2019,"[11, 19, 29, 44, 45]","[8, 12]"
2019-07-05,2019,"[2, 9, 20, 34, 42]","[6, 9]"
2019-07-09,2019,"[7, 29, 32, 36, 41]","[6, 7]"
2019-07-12,2019,"[2, 31, 39, 45, 47]","[4, 8]"
2019-07-16,2019,"[3, 5, 13, 18, 39]","[7, 8]"
2019-07-19,2019,"[13, 14, 17, 26, 28]","[2, 7]"
2019-07-23,2019,"[1, 14, 19, 23, 38]","[3, 7]"
2019-07-26,2019,"[2, 5, 27, 37, 42]","[3, 10]"
2019-07-30,2019,"[15, 20, 23, 27, 40]","[3, 6]"
2019-08-02,2019,"[13, 22, 33, 44, 50]","[2, 5]"
2019-08-06,2019,"[12, 13, 29, 36, 38]","[4, 12]"
2019-08-09,2019,"[2, 14, 35, 41, 42]","[10, 11]"
2019-08-13,2019,"[13, 29, 31, 33, 40]","[2, 3]"
2019-08-16,2019,"[9, 10, 27, 37, 42]","[1, 5]"
2019-08-20,2019,"[20, 22, 23, 24, 37]","[1, 4]"
2019-08-23,2019,"[4, 17, 35, 42, 45]","[2, 8]"
2019-08-27,2019,"[8, 26, 35, 43, 47]","[1, 9]"
2019-08-30,2019,"[25, 27, 45, 46, 49]","[4, 6]"
2019-09-03,2019,"[7, 11, 38, 39, 44]","[7, 10]"
2019-09-06,2019,"[10, 13, 22, 40, 48]","[2, 5]"
2019-09-10,2019,"[3, 22, 25, 30, 49]","[3, 6]"
2019-09-13,2019,"[1, 12, 27, 42, 47]","[6, 7]"
2019-09-17,2019,"[22, 37, 43, 44, 45]","[1, 12]"
2019-09-20,2019,"[8, 21, 25, 38, 50]","[4, 8]"
2019-09-24,2019,"[2, 33, 42, 47, 48]","[1, 2]"
2019-09-27,2019,"[24, 37, 41, 43, 46]","[2, 8]"
2019-10-01,2019,"[2, 11, 18, 40, 46]","[1, 4]"
2019-10-04,2019,"[6, 9, 35, 41, 44]","[6, 9]"
2019-10-08,2019,"[7, 10, 15, 44, 49]","[3, 12]"
2019-10-11,2019,"[2, 14, 19, 42, 45]","[5, 6]"
2019-10-15,2019,"[3, 28, 31, 32, 34]","[4, 5]"
2019-10-18,2019,"[8, 18, 22, 41, 42]","[11, 12]"
2019-10-22,2019,"[2, 5, 32, 33, 47]","[7, 8]"
2019-10-25,2019,"[34, 37, 39, 40, 50]","[4, 10]"
2019-10-29,2019,"[16, 18, 28, 42, 49]","[5, 10]"
2019-11-01,2019,"[2, 20, 39, 44, 48]","[5, 7]"
2019-11-05,2019,"[9, 14, 25, 33, 48]","[2, 12]"
2019-11-08,2019,"[8, 17, 20, 23, 45]","[2, 8]"
2019-11-12,2019,"[1, 21, 23, 25, 39]","[2, 4]"
2019-11-15,2019,"[3, 13, 20, 32, 34]","[4, 11]"
2019-11-19,2019,"[8, 10, 15, 30, 42]","[4, 6]"
2019-11-22,2019,"[3, 21, 32, 34, 48]","[3, 11]"
2019-11-26,2019,"[2, 3, 15, 19, 34]","[5, 8]"
2019-11-29,2019,"[3, 7, 12, 42, 50]","[6, 8]"
2019-12-03,2019,"[18, 31, 32, 38, 48]","[4, 12]"
2019-12-06,2019,"[1, 3, 27, 39, 46]","[1, 10]"
2019-12-10,2019,"[2, 10, 19, 21, 47]","[2, 8]"
2019-12-13,2019,"[9, 16, 18, 23, 32]","[2, 10]"
2019-12-17,2019,"[1, 7, 12, 25, 49]","[6, 9]"
2019-12-20,2019,"[8, 24, 30, 32, 34]","[3, 4]"
2019-12-24,2019,"[3, 11, 13, 14, 47]","[3, 6]"
2019-12-27,2019,"[1, 7, 22, 26, 35]","[5, 10]"
2019-12-31,2019,"[26, 31, 33, 41, 48]","[2, 4]"
2020-01-03,2020,"[5, 15, 20, 36, 47]","[8, 12]"
2020-01-07,2020,"[5, 8, 12, 37, 43]","[6, 11]"
2020-01-10,2020,"[6, 17, 32, 44, 46]","[2, 6]"
2020-01-14,2020,"[21, 25, 29, 39, 44]","[8, 9]"
2020-01-17,2020,"[8, 19, 20, 29, 44]","[3, 8]"
2020-01-21,2020,"[10, 11, 24, 36, 46]","[3, 5]"
2020-01-24,2020,"[3, 4, 6, 9, 24]","[5, 8]"
2020-01-28,2020,"[1, 19, 27, 31, 38]","[4, 5]"
2020-01-31,2020,"[13, 18, 20, 23, 30]","[2, 4]"
2020-02-04,2020,"[21, 23, 33, 35, 47]","[6, 7]"
2020-02-07,2020,"[9, 15, 17, 25, 40]","[3, 9]"
2020-02-11,2020,"[24, 26, 32, 43, 46]","[6, 10]"
2020-02-14,2020,"[5, 20, 35, 41, 49]","[6, 10]"
2020-02-18,2020,"[11, 32, 34, 38, 47]","[2, 10]"
2020-02-21,2020,"[7, 23, 30, 32, 45]","[5, 9]"
2020-02-25,2020,"[1, 4, 18, 27, 42]","[4, 6]"
2020-02-28,2020,"[8, 11, 20, 22, 23]","[3, 4]"
2020-03-03,2020,"[4, 14, 27, 44, 45]","[1, 10]"
2020-03-06,2020,"[15, 38, 43, 45, 46]","[1, 11]"
2020-03-10,2020,"[11, 23, 30, 37, 43]","[5, 12]"
2020-03-13,2020,"[3, 11, 21, 27, 36]","[9, 10]"
2020-03-17,2020,"[5, 7, 8, 16, 20]","[2, 12]"
2020-03-20,2020,"[3, 9, 20, 34, 40]","[6, 12]"
2020-03-24,2020,"[7, 12, 26, 30, 33]","[10, 11]"
2020-03-27,2020,"[11, 14, 27, 41, 46]","[2, 3]"
2020-03-31,2020,"[12, 17, 24, 30, 36]","[1, 9]"
2020-04-03,2020,"[16, 19, 34, 46, 50]","[2, 6]"
2020-04-07,2020,"[4, 5, 14, 33, 48]","[7, 12]"
2020-04-10,2020,"[3, 10, 17, 33, 39]","[1, 4]"
2020-04-14,2020,"[6, 29, 34, 35, 40]","[4, 11]"
2020-04-17,2020,"[16, 28, 32, 37, 45]","[1, 11]"
2020-04-21,2020,"[10, 11, 14, 23, 28]","[6, 8]"
2020-04-24,2020,"[1, 5, 19, 21, 28]","[4, 7]"
2020-04-28,2020,"[15, 23, 26, 28, 32]","[1, 5]"
2020-05-01,2020,"[19, 20, 38, 45, 47]","[2, 6]"
2020-05-05,2020,"[2, 10, 22, 27, 41]","[2, 3]"
2020-05-08,2020,"[8, 25, 32, 33, 38]","[7, 9]"
2020-05-12,2020,"[9, 16, 29, 37, 39]","[4, 11]"
2020-05-15,2020,"[11, 23, 32, 34, 39]","[1, 6]"
2020-05-19,2020,"[5, 25, 32, 37, 43]","[6, 7]"
2020-05-22,2020,"[3, 18, 22, 27, 32]","[2, 7]"
2020-05-26,2020,"[4, 9, 14, 21, 27]","[4, 6]"
2020-05-29,2020,"[4, 8, 11, 19, 46]","[4, 8]"
2020-06-02,2020,"[10, 12, 22, 26, 49]","[7, 11]"
2020-06-05,2020,"[5, 11, 17, 24, 37]","[3, 6]"
2020-06-09,2020,"[5, 15, 27, 36, 46]","[2, 8]"
2020-06-12,2020,"[2, 24, 39, 45, 46]","[4, 8]"
2020-06-16,2020,"[4, 9, 11, 17, 39]","[2, 10]"
2020-06-19,2020,"[5, 14, 19, 24, 43]","[3, 11]"
2020-06-23,2020,"[2, 12, 19, 46, 49]","[1, 8]"
2020-06-26,2020,"[1, 10, 12, 21, 26]","[5, 11]"
2020-06-30,2020,"[1, 6, 11, 28, 42]","[2, 10]"
2020-07-03,2020,"[4, 16, 27, 37, 39]","[3, 6]"
2020-07-07,2020,"[12, 16, 23, 33, 41]","[8, 10]"
2020-07-10,2020,"[15, 17, 23, 30, 38]","[2, 7]"
2020-07-14,2020,"[11, 22, 30, 37, 47]","[9, 10]"
2020-07-17,2020,"[7, 15, 27, 41, 43]","[7, 9]"
2020-07-21,2020,"[14, 15, 24, 29, 42]","[2, 4]"
2020-07-24,2020,"[8, 9, 27, 28, 50]","[4, 12]"
2020-07-28,2020,"[9, 13, 15, 17, 34]","[2, 7]"
2020-07-31,2020,"[21, 24, 30, 46, 49]","[2, 5]"
2020-08-04,2020,"[1, 2, 5, 15, 42]","[5, 8]"
2020-08-07,2020,"[5, 20, 21, 36, 41]","[6, 11]"
2020-08-11,2020,"[8, 13, 14, 42, 50]","[3, 9]"
2020-08-14,2020,"[9, 10, 19, 42, 49]","[4, 12]"
2020-08-18,2020,"[6, 12, 17, 34, 42]","[5, 12]"
2020-08-21,2020,"[10, 15, 35, 44, 50]","[3, 5]"
2020-08-25,2020,"[7, 18, 30, 37, 39]","[8, 10]"
2020-08-28,2020,"[7, 12, 16, 17, 31]","[7, 9]"
2020-09-01,2020,"[4, 8, 10, 33, 46]","[8, 11]"
2020-09-04,2020,"[6, 22, 29, 40, 43]","[4, 7]"
2020-09-08,2020,"[2, 9, 31, 35, 41]","[9, 12]"
2020-09-11,2020,"[34, 38, 42, 43, 45]","[9, 12]"
2020-09-15,2020,"[16, 20, 25, 30, 38]","[6, 8]"
2020-09-18,2020,"[2, 10, 19, 25, 45]","[1, 7]"
2020-09-22,2020,"[16, 25, 28, 39, 40]","[1, 6]"
2020-09-25,2020,"[19, 23, 34, 37, 45]","[1, 7]"
2020-09-29,2020,"[4, 14, 16, 41, 44]","[11, 12]"
2020-10-02,2020,"[6, 12, 15, 40, 45]","[3, 9]"
2020-10-06,2020,"[4, 21, 36, 41, 47]","[9, 11]"
2020-10-09,2020,"[11, 15, 35, 41, 50]","[5, 8]"
2020-10-13,2020,"[5, 14, 38, 41, 46]","[1, 10]"
2020-10-16,2020,"[15, 33, 38, 40, 50]","[3, 6]"
2020-10-20,2020,"[5, 6, 15, 37, 42]","[3, 4]"
2020-10-23,2020,"[10, 15, 19, 21, 23]","[3, 12]"
2020-10-27,2020,"[13, 15, 28, 32, 44]","[3, 12]"
2020-10-30,2020,"[12, 16, 20, 21, 28]","[3, 9]"
2020-11-03,2020,"[5, 7, 18, 20, 30]","[6, 7]"
2020-11-06,2020,"[7, 12, 37, 40, 50]","[1, 2]"
2020-11-10,2020,"[3, 19, 29, 32, 38]","[5, 12]"
2020-11-13,2020,"[1, 5, 17, 28, 31]","[1, 10]"
2020-11-17,2020,"[16, 19, 25, 30, 44]","[2, 6]"
2020-11-20,2020,"[28, 29, 39, 48, 50]","[5, 7]"
2020-11-24,2020,"[25, 33, 38, 42, 50]","[8, 12]"
2020-11-27,2020,"[2, 5, 8, 14, 16]","[8, 9]"
2020-12-01,2020,"[14, 20, 29, 47, 49]","[4, 12]"
2020-12-04,2020,"[14, 20, 27, 34, 38]","[1, 11]"
2020-12-08,2020,"[1, 4, 21, 24, 46]","[2, 12]"
2020-12-11,2020,"[6, 9, 13, 24, 41]","[3, 12]"
2020-12-15,2020,"[9, 13, 21, 29, 35]","[1, 2]"
2020-12-18,2020,"[2, 3, 13, 17, 21]","[7, 8]"
2020-12-22,2020,"[2, 10, 16, 42, 50]","[4, 11]"
2020-12-25,2020,"[16, 21, 27, 30, 32]","[3, 5]"
2020-12-29,2020,"[7, 32, 39, 40, 45]","[3, 8]"
2021-01-01,2021,"[16, 28, 32, 44, 48]","[1, 9]"
2021-01-05,2021,"[12, 34, 37, 38, 42]","[1, 3]"
2021-01-08,2021,"[18, 23, 37, 41, 42]","[4, 6]"
2021-01-12,2021,"[2, 10, 18, 34, 35]","[6, 9]"
2021-01-15,2021,"[4, 10, 27, 38, 40]","[3, 11]"
2021-01-19,2021,"[25, 27, 31, 35, 43]","[5, 6]"
2021-01-22,2021,"[8, 16, 42, 44, 47]","[6, 7]"
2021-01-26,2021,"[5, 7, 25, 37, 40]","[2, 8]"
2021-01-29,2021,"[1, 5, 27, 36, 42]","[1, 6]"
2021-02-02,2021,"[18, 20, 35, 38, 48]","[9, 12]"
2021-02-05,2021,"[12, 19, 37, 44, 45]","[2, 6]"
2021-02-09,2021,"[5, 10, 24, 31, 37]","[9, 10]"
2021-02-12,2021,"[7, 23, 30, 32, 36]","[8, 12]"
2021-02-16,2021,"[5, 9, 25, 29, 30]","[6, 7]"
2021-02-19,2021,"[4, 12, 25, 46, 48]","[7, 12]"
2021-02-23,2021,"[9, 18, 30, 39, 45]","[1, 3]"
2021-02-26,2021,"[6, 12, 22, 29, 33]","[6, 11]"
2021-03-02,2021,"[2, 19, 24, 26, 49]","[6, 7]"
2021-03-05,2021,"[4, 5, 39, 46, 48]","[7, 10]"
2021-03-09,2021,"[1, 16, 21, 32, 33]","[11, 12]"
2021-03-12,2021,"[4, 6, 9, 11, 44]","[10, 11]"
2021-03-16,2021,"[23, 25, 32, 35, 47]","[2, 6]"
2021-03-19,2021,"[3, 9, 35, 43, 44]","[1, 10]"
2021-03-23,2021,"[2, 26, 29, 36, 49]","[3, 9]"
2021-03-26,2021,"[10, 12, 37, 49, 50]","[3, 8]"
2021-03-30,2021,"[24, 27, 28, 29, 42]","[4, 8]"
2021-04-02,2021,"[4, 21, 34, 40, 47]","[2, 5]"
2021-04-06,2021,"[2, 21, 37, 38, 50]","[7, 8]"
2021-04-09,2021,"[2, 8, 32, 35, 44]","[8, 11]"
2021-04-13,2021,"[16, 20, 31, 47, 50]","[2, 8]"
2021-04-16,2021,"[6, 11, 29, 40, 48]","[5, 9]"
2021-04-20,2021,"[5, 17, 28, 41, 46]","[10, 11]"
2021-04-23,2021,"[3, 14, 15, 19, 29]","[2, 8]"
2021-04-27,2021,"[13, 14, 24, 35, 49]","[1, 10]"
2021-04-30,2021,"[1, 16, 24, 28, 46]","[2, 11]"
2021-05-04,2021,"[3, 10, 13, 28, 46]","[4, 11]"
2021-05-07,2021,"[14, 22, 33, 38, 47]","[8, 9]"
2021-05-11,2021,"[14, 25, 34, 43, 46]","[5, 6]"
2021-05-14,2021,"[6, 16, 18, 29, 38]","[6, 11]"
2021-05-18,2021,"[5, 13, 38, 39, 40]","[4, 12]"
2021-05-21,2021,"[2, 9, 13, 15, 35]","[3, 10]"
2021-05-25,2021,"[1, 21, 26, 30, 38]","[2, 8]"
2021-05-28,2021,"[11, 13, 16, 34, 40]","[1, 12]"
2021-06-01,2021,"[3, 10, 26, 35, 44]","[6, 7]"
2021-06-04,2021,"[7, 20, 36, 40, 46]","[2, 4]"
2021-06-08,2021,"[2, 11, 26, 36, 47]","[7, 9]"
2021-06-11,2021,"[9, 17, 21, 33, 39]","[7, 11]"
2021-06-15,2021,"[11, 21, 26, 30, 31]","[2, 3]"
2021-06-18,2021,"[11, 20, 27, 30, 41]","[3, 5]"
2021-06-22,2021,"[6, 24, 26, 27, 41]","[3, 8]"
2021-06-25,2021,"[1, 29, 30, 33, 36]","[3, 12]"
2021-06-29,2021,"[6, 12, 20, 24, 48]","[5, 6]"
2021-07-02,2021,"[9, 14, 29, 38, 49]","[7, 10]"
2021-07-06,2021,"[2, 5, 21, 27, 42]","[9, 11]"
2021-07-09,2021,"[6, 19, 36, 37, 49]","[4, 11]"
2021-07-13,2021,"[5, 6, 8, 11, 22]","[3, 4]"
2021-07-16,2021,"[5, 16, 42, 47, 49]","[3, 11]"
2021-07-20,2021,"[3, 12, 19, 41, 48]","[6, 9]"
2021-07-23,2021,"[23, 24, 26, 34, 50]","[2, 4]"
2021-07-27,2021,"[5, 9, 19, 21, 25]","[10, 12]"
2021-07-30,2021,"[10, 23, 33, 35, 37]","[5, 10]"
2021-08-03,2021,"[17, 21, 23, 45, 46]","[7, 11]"
2021-08-06,2021,"[7, 14, 21, 26, 32]","[4, 12]"
2021-08-10,2021,"[9, 37, 47, 48, 49]","[2, 7]"
2021-08-13,2021,"[6, 12, 44, 47, 49]","[8, 12]"
2021-08-17,2021,"[12, 31, 41, 42, 47]","[4, 6]"
2021-08-20,2021,"[3, 9, 19, 20, 23]","[9, 11]"
2021-08-24,2021,"[19, 21, 36, 44, 50]","[3, 10]"
2021-08-27,2021,"[2, 3, 31, 46, 50]","[8, 12]"
2021-08-31,2021,"[5, 13, 17, 32, 43]","[2, 10]"
2021-09-03,2021,"[5, 7, 13, 29, 35]","[3, 7]"
2021-09-07,2021,"[7, 19, 35, 42, 43]","[7, 9]"
2021-09-10,2021,"[1, 6, 7, 18, 28]","[2, 8]"
2021-09-14,2021,"[12, 18, 35, 38, 45]","[2, 8]"
2021-09-17,2021,"[5, 7, 8, 10, 34]","[1, 9]"
2021-09-21,2021,"[20, 25, 26, 30, 38]","[2, 8]"
2021-09-24,2021,"[2, 12, 20, 27, 41]","[10, 12]"
2021-09-28,2021,"[6, 7, 12, 33, 39]","[1, 7]"
2021-10-01,2021,"[1, 15, 19, 26, 48]","[6, 12]"
2021-10-05,2021,"[11, 13, 14, 36, 45]","[7, 9]"
2021-10-08,2021,"[1, 10, 23, 42, 46]","[3, 5]"
2021-10-12,2021,"[6, 13, 22, 45, 49]","[10, 11]"
2021-10-15,2021,"[21, 26, 31, 34, 49]","[2, 5]"
2021-10-19,2021,"[4, 20, 36, 40, 41]","[1, 6]"
2021-10-22,2021,"[12, 17, 22, 33, 39]","[2, 12]"
2021-10-26,2021,"[12, 15, 20, 42, 44]","[1, 2]"
2021-10-29,2021,"[10, 15, 28, 32, 49]","[3, 9]"
2021-11-02,2021,"[2, 3, 17, 29, 43]","[1, 4]"
2021-11-05,2021,"[2, 12, 25, 30, 41]","[8, 11]"
2021-11-09,2021,"[17, 25, 26, 33, 36]","[1, 8]"
2021-11-12,2021,"[2, 9, 15, 47, 50]","[6, 9]"
2021-11-16,2021,"[9, 19, 21, 32, 36]","[3, 4]"
2021-11-19,2021,"[22, 26, 38, 47, 50]","[2, 6]"
2021-11-23,2021,"[17, 21, 36, 42, 46]","[7, 10]"
2021-11-26,2021,"[1, 20, 41, 42, 50]","[3, 7]"
2021-11-30,2021,"[19, 20, 26, 33, 43]","[1, 4]"
2021-12-03,2021,"[21, 22, 29, 32, 46]","[9, 10]"
2021-12-07,2021,"[22, 31, 38, 46, 47]","[7, 11]"
2021-12-10,2021,"[11, 21, 33, 38, 42]","[2, 8]"
2021-12-14,2021,"[19, 21, 37, 47, 48]","[3, 6]"
2021-12-17,2021,"[1, 2, 15, 30, 35]","[2, 7]"
2021-12-21,2021,"[12, 17, 21, 34, 38]","[2, 3]"
2021-12-24,2021,"[2, 26, 28, 34, 41]","[5, 10]"
2021-12-28,2021,"[4, 6, 15, 17, 29]","[9, 12]"
2021-12-31,2021,"[7, 22, 25, 43, 49]","[6, 7]"
2022-01-04,2022,"[18, 28, 35, 36, 41]","[6, 11]"
2022-01-07,2022,"[2, 14, 37, 44, 50]","[7, 11]"
2022-01-11,2022,"[4, 23, 32, 33, 44]","[9, 12]"
2022-01-14,2022,"[6, 17, 25, 31, 46]","[9, 12]"
2022-01-18,2022,"[3, 12, 19, 24, 30]","[2, 5]"
2022-01-21,2022,"[5, 14, 35, 36, 39]","[7, 12]"
2022-01-25,2022,"[6, 16, 18, 39, 47]","[2, 4]"
2022-01-28,2022,"[10, 25, 29, 34, 45]","[9, 10]"
2022-02-01,2022,"[1, 19, 36, 38, 49]","[6, 9]"
2022-02-04,2022,"[3, 25, 38, 43, 49]","[3, 7]"
2022-02-08,2022,"[6, 20, 34, 37, 43]","[7, 10]"
2022-02-11,2022,"[13, 18, 38, 42, 45]","[7, 11]"
2022-02-15,2022,"[9, 20, 31, 33, 44]","[2, 12]"
2022-02-18,2022,"[25, 38, 41, 43, 50]","[6, 10]"
2022-02-22,2022,"[5, 9, 14, 26, 32]","[3, 7]"
2022-02-25,2022,"[10, 13, 24, 30, 42]","[1, 5]"
2022-03-01,2022,"[8, 24, 26, 39, 42]","[3, 5]"
2022-03-04,2022,"[6, 20, 40, 42, 43]","[10, 12]"
2022-03-08,2022,"[12, 18, 21, 25, 31]","[2, 9]"
2022-03-11,2022,"[12, 19, 22, 23, 48]","[2, 6]"
2022-03-15,2022,"[1, 2, 12, 19, 26]","[2, 8]"
2022-03-18,2022,"[1, 9, 14, 17, 43]","[6, 12]"
2022-03-22,2022,"[7, 17, 21, 29, 40]","[8, 11]"
2022-03-25,2022,"[6, 10, 24, 27, 29]","[5, 12]"
2022-03-29,2022,"[8, 11, 33, 42, 43]","[6, 11]"
2022-04-01,2022,"[2, 7, 21, 31, 45]","[4, 10]"
2022-04-05,2022,"[1, 11, 13, 24, 49]","[5, 6]"
2022-04-08,2022,"[1, 15, 16, 38, 45]","[4, 11]"
2022-04-12,2022,"[21, 30, 31, 35, 47]","[2, 10]"
2022-04-15,2022,"[6, 24, 30, 32, 48]","[5, 6]"
2022-04-19,2022,"[2, 12, 17, 28, 46]","[6, 10]"
2022-04-22,2022,"[6, 11, 21, 35, 36]","[1, 9]"
2022-04-26,2022,"[4, 25, 28, 34, 45]","[8, 11]"
2022-04-29,2022,"[10, 11, 20, 36, 37]","[3, 7]"
2022-05-03,2022,"[8, 20, 26, 47, 48]","[3, 8]"
2022-05-06,2022,"[3, 8, 18, 24, 40]","[3, 11]"
2022-05-10,2022,"[3, 25, 27, 28, 29]","[4, 9]"
2022-05-13,2022,"[3, 11, 17, 45, 48]","[4, 8]"
2022-05-17,2022,"[5, 28, 30, 48, 49]","[5, 11]"
2022-05-20,2022,"[8, 22, 23, 32, 50]","[3, 9]"
2022-05-24,2022,"[10, 13, 27, 36, 37]","[2, 10]"
2022-05-27,2022,"[15, 23, 28, 34, 48]","[3, 5]"
2022-05-31,2022,"[3, 10, 13, 42, 49]","[3, 9]"
2022-06-03,2022,"[12, 28, 29, 34, 48]","[9, 11]"
2022-06-07,2022,"[6, 16, 17, 25, 31]","[2, 6]"
2022-06-10,2022,"[17, 26, 36, 37, 40]","[9, 12]"
2022-06-14,2022,"[2, 7, 27, 34, 40]","[3, 11]"
2022-06-17,2022,"[19, 21, 22, 31, 38]","[7, 11]"
2022-06-21,2022,"[6, 23, 36, 39, 47]","[8, 10]"
2022-06-24,2022,"[10, 17, 28, 44, 50]","[8, 12]"
2022-06-28,2022,"[10, 35, 42, 47, 48]","[2, 11]"
2022-07-01,2022,"[6, 18, 24, 34, 46]","[3, 12]"
2022-07-05,2022,"[7, 10, 25, 45, 48]","[3, 6]"
2022-07-08,2022,"[28, 31, 35, 43, 46]","[4, 7]"
2022-07-12,2022,"[14, 18, 24, 25, 50]","[6, 11]"
2022-07-15,2022,"[9, 17, 29, 38, 39]","[7, 10]"
2022-07-19,2022,"[6, 23, 27, 40, 41]","[2, 12]"
2022-07-22,2022,"[16, 18, 29, 32, 50]","[4, 11]"
2022-07-26,2022,"[3, 5, 17, 25, 27]","[1, 9]"
2022-07-29,2022,"[3, 23, 38, 43, 48]","[3, 8]"
2022-08-02,2022,"[7, 18, 28, 40, 48]","[8, 11]"
2022-08-05,2022,"[3, 29, 33, 35, 44]","[8, 10]"
2022-08-09,2022,"[18, 19, 21, 27, 47]","[5, 11]"
2022-08-12,2022,"[14, 17, 34, 35, 42]","[6, 10]"
2022-08-16,2022,"[10, 14, 25, 32, 39]","[7, 8]"
2022-08-19,2022,"[2, 9, 13, 19, 38]","[2, 6]"
2022-08-23,2022,"[19, 26, 31, 39, 48]","[2, 3]"
2022-08-26,2022,"[22, 23, 25, 38, 44]","[11, 12]"
2022-08-30,2022,"[4, 6, 10, 15, 19]","[1, 4]"
2022-09-02,2022,"[7, 12, 13, 20, 45]","[3, 12]"
2022-09-06,2022,"[7, 10, 22, 29, 44]","[4, 5]"
2022-09-09,2022,"[17, 23, 24, 26, 27]","[4, 9]"
2022-09-13,2022,"[9, 12, 15, 40, 47]","[1, 11]"
2022-09-16,2022,"[10, 27, 36, 45, 49]","[3, 4]"
2022-09-20,2022,"[11, 21, 23, 32, 48]","[3, 12]"
2022-09-23,2022,"[14, 15, 22, 35, 48]","[3, 8]"
2022-09-27,2022,"[4, 20, 21, 34, 44]","[1, 3]"
2022-09-30,2022,"[1, 2, 11, 16, 26]","[3, 12]"
2022-10-04,2022,"[3, 18, 28, 42, 43]","[3, 12]"
2022-10-07,2022,"[26, 27, 42, 45, 50]","[1, 12]"
2022-10-11,2022,"[8, 23, 32, 35, 40]","[1, 8]"
2022-10-14,2022,"[24, 28, 29, 34, 48]","[3, 7]"
2022-10-18,2022,"[3, 5, 13, 42, 48]","[1, 6]"
2022-10-21,2022,"[25, 26, 28, 38, 40]","[1, 6]"
2022-10-25,2022,"[7, 24, 34, 39, 46]","[1, 6]"
2022-10-28,2022,"[14, 16, 21, 28, 35]","[1, 11]"
2022-11-01,2022,"[19, 37, 42, 47, 48]","[1, 6]"
2022-11-04,2022,"[2, 11, 37, 45, 47]","[2, 3]"
2022-11-08,2022,"[3, 5, 32, 33, 50]","[1, 8]"
2022-11-11,2022,"[2, 19, 24, 25, 44]","[2, 10]"
2022-11-15,2022,"[13, 21, 24, 31, 33]","[1, 12]"
2022-11-18,2022,"[13, 16, 19, 35, 41]","[1, 11]"
2022-11-22,2022,"[21, 22, 24, 29, 42]","[3, 11]"
2022-11-25,2022,"[19, 21, 35, 37, 39]","[2, 6]"
2022-11-29,2022,"[15, 20, 24, 35, 38]","[8, 12]"
2022-12-02,2022,"[12, 21, 35, 39, 45]","[6, 11]"
2022-12-06,2022,"[12, 20, 25, 26, 27]","[8, 12]"
2022-12-09,2022,"[8, 27, 31, 46, 50]","[1, 3]"
2022-12-13,2022,"[3, 9, 12, 26, 30]","[10, 11]"
2022-12-16,2022,"[2, 15, 19, 35, 44]","[2, 7]"
2022-12-20,2022,"[1, 11, 17, 20, 27]","[4, 5]"
2022-12-23,2022,"[16, 17, 23, 26, 35]","[5, 11]"
2022-12-27,2022,"[19, 31, 33, 34, 43]","[3, 5]"
2022-12-30,2022,"[17, 34, 42, 47, 48]","[1, 9]"
2023-01-03,2023,"[20, 21, 29, 45, 46]","[3, 10]"
2023-01-06,2023,"[16, 31, 35, 44, 45]","[4, 12]"
2023-01-10,2023,"[11, 13, 34, 40, 42]","[3, 10]"
2023-01-13,2023,"[4, 13, 25, 33, 37]","[5, 10]"
2023-01-17,2023,"[18, 21, 30, 46, 50]","[2, 6]"
2023-01-20,2023,"[3, 6, 13, 40, 42]","[7, 11]"
2023-01-24,2023,"[11, 27, 41, 43, 47]","[7, 11]"
2023-01-27,2023,"[8, 9, 15, 19, 31]","[10, 12]"
2023-01-31,2023,"[7, 12, 19, 33, 43]","[3, 7]"
2023-02-03,2023,"[2, 14, 17, 32, 45]","[3, 10]"
2023-02-07,2023,"[2, 8, 34, 44, 47]","[3, 9]"
2023-02-10,2023,"[3, 13, 25, 36, 47]","[3, 8]"
2023-02-14,2023,"[24, 26, 38, 43, 46]","[2, 3]"
2023-02-17,2023,"[8, 23, 27, 42, 45]","[1, 9]"
2023-02-21,2023,"[21, 22, 34, 41, 49]","[2, 7]"
2023-02-24,2023,"[7, 23, 34, 42, 48]","[1, 3]"
2023-02-28,2023,"[12, 29, 33, 37, 47]","[5, 10]"
2023-03-03,2023,"[3, 6, 8, 24, 50]","[10, 11]"
2023-03-07,2023,"[11, 13, 24, 35, 50]","[6, 11]"
2023-03-10,2023,"[9, 16, 37, 38, 48]","[2, 7]"
2023-03-14,2023,"[16, 26, 28, 31, 46]","[11, 12]"
2023-03-17,2023,"[5, 15, 26, 37, 49]","[8, 11]"
2023-03-21,2023,"[1, 9, 20, 29, 32]","[2, 3]"
2023-03-24,2023,"[5, 12, 25, 36, 46]","[6, 10]"
2023-03-28,2023,"[16, 21, 34, 36, 44]","[9, 10]"
2023-03-31,2023,"[16, 18, 28, 34, 47]","[5, 10]"
2023-04-04,2023,"[10, 16, 31, 33, 50]","[3, 8]"
2023-04-07,2023,"[5, 26, 28, 36, 46]","[6, 12]"
2023-04-11,2023,"[10, 14, 16, 19, 29]","[2, 10]"
2023-04-14,2023,"[4, 11, 37, 44, 49]","[6, 7]"
2023-04-18,2023,"[17, 21, 23, 35, 37]","[10, 11]"
2023-04-21,2023,"[7, 8, 18, 33, 42]","[2, 8]"
2023-04-25,2023,"[10, 29, 30, 40, 45]","[1, 12]"
2023-04-28,2023,"[11, 13, 16, 23, 34]","[1, 10]"
2023-05-02,2023,"[7, 32, 44, 47, 48]","[7, 8]"
2023-05-05,2023,"[3, 8, 18, 34, 49]","[3, 7]"
2023-05-09,2023,"[13, 17, 21, 28, 46]","[7, 9]"
2023-05-12,2023,"[9, 10, 13, 39, 44]","[4, 6]"
2023-05-16,2023,"[4, 6, 9, 14, 37]","[4, 11]"
2023-05-19,2023,"[18, 27, 34, 41, 49]","[3, 9]"
2023-05-23,2023,"[5, 6, 14, 23, 34]","[2, 11]"
2023-05-26,2023,"[15, 25, 37, 38, 41]","[1, 7]"
2023-05-30,2023,"[27, 29, 32, 33, 47]","[2, 8]"
2023-06-02,2023,"[3, 12, 15, 25, 43]","[10, 11]"
2023-06-06,2023,"[13, 21, 32, 39, 50]","[2, 10]"
2023-06-09,2023,"[18, 26, 36, 41, 50]","[11, 12]"
2023-06-13,2023,"[15, 16, 21, 41, 50]","[5, 6]"
2023-06-16,2023,"[7, 26, 34, 41, 44]","[9, 11]"
2023-06-20,2023,"[11, 17, 28, 32, 35]","[5, 6]"
2023-06-23,2023,"[1, 3, 11, 33, 46]","[10, 11]"
2023-06-27,2023,"[17, 22, 23, 27, 44]","[1, 7]"
2023-06-30,2023,"[1, 6, 25, 29, 36]","[7, 10]"
2023-07-04,2023,"[14, 17, 23, 36, 44]","[2, 8]"
2023-07-07,2023,"[2, 11, 12, 19, 38]","[4, 8]"
2023-07-11,2023,"[2, 11, 28, 42, 48]","[4, 9]"
2023-07-14,2023,"[5, 8, 29, 35, 48]","[5, 6]"
2023-07-18,2023,"[4, 12, 34, 35, 45]","[1, 9]"
2023-07-21,2023,"[7, 31, 33, 35, 36]","[7, 10]"
2023-07-25,2023,"[5, 7, 11, 27, 37]","[6, 12]"
2023-07-28,2023,"[7, 32, 33, 34, 38]","[6, 9]"
2023-08-01,2023,"[25, 27, 35, 40, 45]","[7, 11]"
2023-08-04,2023,"[15, 20, 31, 44, 48]","[1, 3]"
2023-08-08,2023,"[8, 9, 33, 35, 40]","[3, 6]"
2023-08-11,2023,"[4, 6, 10, 13, 34]","[3, 5]"
2023-08-15,2023,"[3, 5, 9, 32, 43]","[6, 10]"
2023-08-18,2023,"[23, 25, 30, 44, 47]","[9, 12]"
2023-08-22,2023,"[2, 9, 23, 32, 40]","[6, 7]"
2023-08-25,2023,"[16, 17, 34, 35, 44]","[5, 10]"
2023-08-29,2023,"[21, 23, 32, 40, 49]","[8, 11]"
2023-09-01,2023,"[4, 5, 35, 37, 43]","[5, 6]"
2023-09-05,2023,"[1, 7, 24, 41, 48]","[10, 12]"
2023-09-08,2023,"[10, 20, 21, 26, 33]","[3, 4]"
2023-09-12,2023,"[5, 14, 36, 40, 42]","[2, 11]"
2023-09-15,2023,"[12, 14, 21, 45, 48]","[8, 11]"
2023-09-19,2023,"[10, 15, 31, 41, 42]","[2, 5]"
2023-09-22,2023,"[3, 23, 24, 34, 35]","[5, 8]"
2023-09-26,2023,"[2, 6, 14, 19, 23]","[5, 7]"
2023-09-29,2023,"[9, 11, 13, 21, 32]","[2, 7]"
2023-10-03,2023,"[6, 20, 22, 24, 45]","[4, 5]"
2023-10-06,2023,"[21, 29, 31, 34, 43]","[2, 9]"
2023-10-10,2023,"[18, 20, 22, 33, 43]","[3, 9]"
2023-10-13,2023,"[21, 26, 28, 40, 41]","[2, 4]"
2023-10-17,2023,"[10, 17, 20, 35, 40]","[3, 4]"
2023-10-20,2023,"[2, 20, 28, 40, 45]","[1, 5]"
2023-10-24,2023,"[8, 16, 18, 31, 34]","[6, 9]"
2023-10-27,2023,"[29, 33, 35, 48, 49]","[3, 8]"
2023-10-31,2023,"[5, 7, 20, 40, 50]","[2, 10]"
2023-11-03,2023,"[8, 21, 31, 39, 47]","[5, 9]"
2023-11-07,2023,"[8, 10, 11, 30, 39]","[4, 10]"
2023-11-10,2023,"[10, 21, 30, 38, 42]","[2, 12]"
2023-11-14,2023,"[13, 16, 36, 44, 50]","[3, 5]"
2023-11-17,2023,"[2, 24, 26, 46, 50]","[2, 7]"
2023-11-21,2023,"[19, 29, 34, 46, 47]","[2, 3]"
2023-11-24,2023,"[15, 20, 29, 39, 48]","[1, 7]"
2023-11-28,2023,"[12, 16, 27, 33, 44]","[7, 8]"
2023-12-01,2023,"[4, 10, 14, 38, 50]","[9, 12]"
2023-12-05,2023,"[4, 6, 20, 24, 25]","[5, 9]"
2023-12-08,2023,"[17, 30, 42, 48, 50]","[4, 8]"
2023-12-12,2023,"[6, 28, 37, 39, 43]","[9, 12]"
2023-12-15,2023,"[2, 13, 37, 38, 48]","[5, 9]"
2023-12-19,2023,"[10, 20, 41, 43, 45]","[2, 12]"
2023-12-22,2023,"[6, 14, 34, 44, 49]","[4, 12]"
2023-12-26,2023,"[8, 27, 30, 35, 47]","[9, 10]"
2023-12-29,2023,"[2, 3, 19, 36, 37]","[6, 9]"
2024-01-02,2024,"[7, 15, 18, 46, 49]","[10, 12]"
2024-01-05,2024,"[4, 7, 18, 39, 50]","[3, 8]"
2024-01-09,2024,"[2, 9, 12, 39, 40]","[1, 3]"
2024-01-12,2024,"[16, 17, 18, 45, 49]","[9, 12]"
2024-01-16,2024,"[10, 18, 21, 33, 45]","[8, 12]"
2024-01-19,2024,"[27, 28, 44, 48, 50]","[7, 12]"
2024-01-23,2024,"[14, 23, 39, 48, 50]","[3, 12]"
2024-01-26,2024,"[8, 19, 32, 41, 42]","[9, 12]"
2024-01-30,2024,"[5, 10, 19, 27, 30]","[5, 6]"
2024-02-02,2024,"[13, 20, 23, 27, 42]","[5, 9]"
2024-02-06,2024,"[2, 7, 21, 28, 45]","[5, 11]"
2024-02-09,2024,"[23, 24, 35, 37, 45]","[9, 12]"
2024-02-13,2024,"[13, 17, 18, 20, 46]","[4, 9]"
2024-02-16,2024,"[8, 13, 14, 24, 26]","[1, 2]"
2024-02-20,2024,"[23, 31, 37, 42, 48]","[3, 7]"
2024-02-23,2024,"[24, 27, 28, 30, 49]","[1, 12]"
2024-02-27,2024,"[3, 4, 9, 12, 20]","[5, 6]"
2024-03-01,2024,"[4, 7, 19, 20, 34]","[2, 4]"
2024-03-05,2024,"[2, 15, 17, 23, 36]","[3, 8]"
2024-03-08,2024,"[8, 11, 12, 16, 44]","[4, 7]"
2024-03-12,2024,"[13, 19, 30, 38, 46]","[4, 12]"
2024-03-15,2024,"[1, 4, 31, 34, 40]","[4, 5]"
2024-03-19,2024,"[7, 16, 18, 20, 32]","[1, 3]"
2024-03-22,2024,"[8, 11, 23, 32, 44]","[9, 10]"
2024-03-26,2024,"[2, 13, 14, 26, 29]","[5, 6]"
2024-03-29,2024,"[16, 17, 35, 36, 49]","[1, 10]"
2024-04-02,2024,"[1, 23, 31, 36, 48]","[5, 8]"
2024-04-05,2024,"[13, 18, 26, 35, 37]","[8, 11]"
2024-04-09,2024,"[19, 23, 26, 27, 46]","[2, 10]"
2024-04-12,2024,"[2, 3, 12, 16, 45]","[2, 11]"
2024-04-16,2024,"[22, 29, 31, 39, 46]","[3, 7]"
2024-04-19,2024,"[10, 20, 40, 44, 46]","[1, 3]"
2024-04-23,2024,"[6, 9, 11, 32, 49]","[2, 10]"
2024-04-26,2024,"[2, 20, 39, 40, 47]","[4, 8]"
2024-04-30,2024,"[13, 22, 24, 33, 47]","[1, 5]"
2024-05-03,2024,"[6, 9, 10, 30, 49]","[3, 4]"
2024-05-07,2024,"[35, 36, 41, 42, 45]","[6, 11]"
2024-05-10,2024,"[13, 28, 29, 44, 48]","[4, 12]"
2024-05-14,2024,"[2, 8, 17, 28, 35]","[7, 9]"
2024-05-17,2024,"[18, 31, 32, 41, 46]","[1, 10]"
2024-05-21,2024,"[11, 13, 14, 34, 48]","[7, 9]"
2024-05-24,2024,"[9, 12, 18, 22, 50]","[1, 3]"
2024-05-28,2024,"[16, 18, 35, 36, 41]","[6, 7]"
2024-05-31,2024,"[4, 7, 16, 33, 34]","[7, 8]"
2024-06-04,2024,"[6, 7, 9, 14, 43]","[3, 4]"
2024-06-07,2024,"[15, 16, 26, 30, 37]","[5, 8]"
2024-06-11,2024,"[7, 15, 34, 45, 48]","[7, 9]"
2024-06-14,2024,"[2, 13, 16, 24, 32]","[1, 7]"
2024-06-18,2024,"[3, 11, 33, 34, 36]","[1, 12]"
2024-06-21,2024,"[3, 4, 7, 11, 17]","[3, 12]"
2024-06-25,2024,"[14, 16, 37, 45, 49]","[5, 7]"
2024-06-28,2024,"[10, 16, 18, 22, 35]","[1, 10]"
2024-07-02,2024,"[2, 7, 34, 35, 46]","[6, 8]"
2024-07-05,2024,"[11, 13, 29, 31, 47]","[1, 11]"
2024-07-09,2024,"[6, 15, 19, 28, 39]","[7, 11]"
2024-07-12,2024,"[12, 18, 24, 25, 39]","[8, 10]"
2024-07-16,2024,"[2, 32, 35, 36, 39]","[7, 8]"
2024-07-19,2024,"[15, 22, 35, 44, 48]","[6, 7]"
2024-07-23,2024,"[4, 8, 10, 16, 34]","[4, 8]"
2024-07-26,2024,"[4, 19, 23, 35, 37]","[4, 8]"
2024-07-30,2024,"[9, 25, 28, 37, 38]","[2, 8]"
2024-08-02,2024,"[5, 7, 12, 33, 46]","[3, 12]"
2024-08-06,2024,"[1, 18, 27, 41, 50]","[2, 12]"
2024-08-09,2024,"[21, 23, 25, 33, 44]","[4, 10]"
2024-08-13,2024,"[15, 16, 39, 40, 47]","[1, 6]"
2024-08-16,2024,"[15, 17, 29, 45, 49]","[1, 10]"
2024-08-20,2024,"[7, 10, 13, 18, 26]","[3, 12]"
2024-08-23,2024,"[9, 15, 24, 47, 50]","[8, 9]"
2024-08-27,2024,"[1, 8, 11, 42, 47]","[4, 11]"
2024-08-30,2024,"[3, 24, 27, 33, 42]","[4, 6]"
2024-09-03,2024,"[7, 9, 11, 16, 45]","[2, 5]"
2024-09-06,2024,"[12, 14, 34, 41, 47]","[3, 4]"
2024-09-10,2024,"[6, 29, 46, 47, 48]","[2, 9]"
2024-09-13,2024,"[10, 15, 17, 31, 42]","[4, 12]"
2024-09-17,2024,"[20, 30, 32, 41, 44]","[1, 10]"
2024-09-20,2024,"[16, 25, 29, 34, 37]","[3, 7]"
2024-09-24,2024,"[18, 20, 21, 36, 49]","[3, 5]"
2024-09-27,2024,"[7, 20, 21, 27, 38]","[5, 12]"
2024-10-01,2024,"[8, 22, 29, 41, 42]","[9, 11]"
2024-10-04,2024,"[4, 8, 16, 17, 20]","[1, 6]"
2024-10-08,2024,"[7, 14, 19, 34, 40]","[6, 8]"
2024-10-11,2024,"[16, 23, 32, 46, 49]","[4, 5]"
2024-10-15,2024,"[2, 15, 32, 36, 48]","[3, 9]"
2024-10-18,2024,"[4, 15, 23, 30, 39]","[1, 12]"
2024-10-22,2024,"[3, 13, 27, 30, 46]","[1, 2]"
2024-10-25,2024,"[4, 17, 20, 25, 45]","[8, 9]"
2024-10-29,2024,"[1, 2, 19, 30, 45]","[10, 12]"
2024-11-01,2024,"[7, 33, 38, 44, 50]","[2, 7]"
2024-11-05,2024,"[1, 8, 19, 37, 50]","[6, 9]"
2024-11-08,2024,"[2, 33, 35, 42, 48]","[1, 3]"
2024-11-12,2024,"[10, 11, 12, 22, 50]","[1, 10]"
2024-11-15,2024,"[7, 8, 34, 39, 44]","[2, 6]"
2024-11-19,2024,"[4, 13, 20, 28, 49]","[7, 12]"
2024-11-22,2024,"[10, 11, 12, 29, 31]","[8, 11]"
2024-11-26,2024,"[7, 11, 25, 31, 40]","[9, 12]"
2024-11-29,2024,"[8, 17, 18, 29, 43]","[5, 9]"
2024-12-03,2024,"[23, 25, 34, 46, 47]","[6, 8]"
2024-12-06,2024,"[14, 25, 39, 44, 47]","[6, 10]"
2024-12-10,2024,"[5, 24, 25, 29, 47]","[5, 9]"
2024-12-13,2024,"[1, 15, 25, 42, 50]","[4, 10]"
2024-12-17,2024,"[1, 3, 4, 21, 29]","[2, 7]"
2024-12-20,2024,"[10, 14, 21, 33, 50]","[6, 9]"
2024-12-24,2024,"[6, 10, 16, 23, 24]","[11, 12]"
2024-12-27,2024,"[12, 22, 27, 33, 45]","[4, 8]"
2024-12-31,2024,"[19, 24, 26, 28, 33]","[8, 12]"
2025-01-03,2025,"[3, 19, 29, 35, 37]","[1, 9]"
2025-01-07,2025,"[20, 33, 35, 41, 47]","[4, 12]"
2025-01-10,2025,"[12, 27, 36, 37, 42]","[6, 7]"
2025-01-14,2025,"[18, 20, 29, 41, 48]","[5, 9]"
2025-01-17,2025,"[8, 15, 24, 35, 42]","[6, 8]"
2025-01-21,2025,"[6, 8, 14, 27, 41]","[4, 5]"
2025-01-24,2025,"[2, 11, 19, 30, 49]","[3, 8]"
2025-01-28,2025,"[9, 37, 41, 42, 49]","[1, 9]"
2025-01-31,2025,"[22, 30, 41, 44, 49]","[2, 7]"
2025-02-04,2025,"[3, 4, 29, 39, 43]","[5, 10]"
2025-02-07,2025,"[10, 23, 24, 29, 45]","[8, 10]"
2025-02-11,2025,"[3, 21, 36, 41, 46]","[1, 6]"
2025-02-14,2025,"[4, 14, 31, 36, 38]","[3, 10]"
2025-02-18,2025,"[5, 14, 25, 26, 40]","[5, 7]"
2025-02-21,2025,"[1, 3, 11, 20, 43]","[2, 11]"
2025-02-25,2025,"[17, 22, 23, 24, 44]","[6, 11]"
2025-02-28,2025,"[7, 16, 31, 43, 46]","[5, 9]"
2025-03-04,2025,"[15, 20, 29, 35, 42]","[2, 9]"
2025-03-07,2025,"[6, 10, 27, 32, 48]","[3, 8]"
2025-03-11,2025,"[13, 36, 37, 42, 47]","[7, 11]"
2025-03-14,2025,"[8, 10, 33, 35, 49]","[2, 9]"
2025-03-18,2025,"[4, 9, 35, 46, 50]","[8, 11]"
2025-03-21,2025,"[9, 17, 18, 21, 50]","[5, 12]"
2025-03-25,2025,"[1, 3, 18, 33, 36]","[2, 6]"
2025-03-28,2025,"[10, 21, 30, 42, 45]","[1, 9]"
2025-04-01,2025,"[9, 24, 30, 46, 49]","[4, 12]"
2025-04-04,2025,"[27, 39, 41, 45, 50]","[5, 7]"
2025-04-08,2025,"[3, 14, 15, 48, 49]","[1, 7]"
2025-04-11,2025,"[14, 28, 34, 46, 49]","[3, 8]"
2025-04-15,2025,"[3, 31, 33, 38, 44]","[6, 12]"
2025-04-18,2025,"[20, 27, 35, 39, 48]","[3, 8]"
2025-04-22,2025,"[7, 28, 33, 37, 47]","[9, 12]"
2025-04-25,2025,"[13, 22, 32, 39, 41]","[1, 12]"
2025-04-29,2025,"[2, 9, 24, 30, 41]","[1, 11]"
2025-05-02,2025,"[3, 5, 19, 21, 49]","[1, 10]"
2025-05-06,2025,"[8, 23, 24, 47, 48]","[4, 9]"
2025-05-09,2025,"[15, 18, 25, 29, 47]","[5, 9]"
2025-05-13,2025,"[9, 19, 44, 47, 50]","[2, 9]"
2025-05-16,2025,"[6, 9, 25, 37, 46]","[6, 12]"
2025-05-20,2025,"[1, 8, 13, 29, 47]","[5, 6]"
2025-05-23,2025,"[10, 29, 43, 46, 49]","[7, 12]"
2025-05-27,2025,"[12, 30, 38, 40, 41]","[4, 12]"
2025-05-30,2025,"[4, 7, 14, 33, 36]","[1, 5]"
2025-06-03,2025,"[12, 15, 38, 47, 48]","[5, 7]"
2025-06-06,2025,"[20, 21, 29, 30, 35]","[2, 12]"
2025-06-10,2025,"[19, 36, 39, 40, 45]","[5, 6]"
2025-06-13,2025,"[2, 28, 40, 43, 45]","[3, 7]"
2025-06-17,2025,"[13, 22, 23, 44, 49]","[3, 5]"
2025-06-20,2025,"[5, 8, 24, 37, 47]","[3, 9]"
2025-06-24,2025,"[7, 16, 21, 23, 39]","[7, 11]"
2025-06-27,2025,"[19, 27, 36, 45, 49]","[7, 10]"
2025-07-01,2025,"[1, 17, 28, 32, 34]","[7, 8]"
2025-07-04,2025,"[19, 29, 42, 45, 48]","[5, 7]"
2025-07-08,2025,"[1, 8, 9, 18, 50]","[1, 5]"
2025-07-11,2025,"[8, 23, 24, 45, 49]","[2, 10]"
2025-07-15,2025,"[24, 38, 41, 45, 49]","[1, 6]"
2025-07-18,2025,"[13, 19, 25, 42, 45]","[2, 9]"
2025-07-22,2025,"[8, 15, 26, 33, 41]","[9, 10]"
2025-07-25,2025,"[6, 7, 23, 32, 36]","[11, 12]"
2025-07-29,2025,"[5, 6, 42, 44, 46]","[4, 8]"
2025-08-01,2025,"[4, 16, 25, 29, 30]","[2, 10]"
2025-08-05,2025,"[1, 3, 5, 42, 47]","[5, 10]"
2025-08-08,2025,"[2, 12, 19, 34, 44]","[6, 10]"
2025-08-12,2025,"[18, 28, 42, 46, 48]","[3, 9]"
2025-08-15,2025,"[13, 30, 35, 36, 40]","[2, 6]"
2025-08-19,2025,"[24, 31, 34, 41, 43]","[6, 8]"
2025-08-22,2025,"[6, 9, 12, 30, 39]","[4, 10]"
2025-08-26,2025,"[2, 14, 38, 42, 45]","[10, 11]"
2025-08-29,2025,"[6, 9, 10, 13, 37]","[1, 7]"
2025-09-02,2025,"[13, 30, 31, 32, 36]","[1, 12]"
2025-09-05,2025,"[27, 30, 31, 41, 43]","[5, 8]"
2025-09-09,2025,"[3, 13, 24, 39, 40]","[2, 8]"
2025-09-12,2025,"[5, 10, 23, 31, 37]","[3, 11]"
2025-09-16,2025,"[1, 9, 13, 35, 40]","[5, 6]"
2025-09-19,2025,"[8, 10, 26, 32, 42]","[9, 12]"
2025-09-23,2025,"[11, 13, 24, 29, 33]","[2, 5]"
2025-09-26,2025,"[4, 17, 25, 28, 44]","[5, 11]"
2025-09-30,2025,"[3, 8, 15, 17, 48]","[2, 8]"
2025-10-03,2025,"[6, 12, 18, 25, 41]","[2, 6]"
2025-10-07,2025,"[24, 39, 42, 43, 48]","[5, 8]"
2025-10-10,2025,"[6, 7, 17, 20, 21]","[1, 10]"
2025-10-14,2025,"[5, 8, 14, 16, 18]","[3, 10]"
2025-10-17,2025,"[13, 35, 39, 44, 47]","[3, 5]"
2025-10-21,2025,"[5, 24, 29, 40, 42]","[6, 12]"
2025-10-24,2025,"[7, 8, 25, 31, 45]","[7, 12]"
2025-10-28,2025,"[7, 8, 24, 35, 49]","[2, 12]"
2025-10-31,2025,"[5, 14, 38, 43, 45]","[7, 11]"
2025-11-04,2025,"[6, 9, 25, 28, 45]","[1, 4]"
2025-11-07,2025,"[11, 21, 39, 40, 43]","[2, 8]"
2025-11-11,2025,"[4, 22, 32, 36, 47]","[2, 10]"
2025-11-14,2025,"[9, 26, 27, 45, 48]","[8, 9]"
2025-11-18,2025,"[2, 4, 15, 21, 48]","[6, 12]"
2025-11-21,2025,"[17, 19, 29, 35, 48]","[5, 9]"
2025-11-25,2025,"[6, 11, 17, 35, 44]","[3, 7]"
2025-11-28,2025,"[5, 29, 33, 39, 42]","[3, 9]"
2025-12-02,2025,"[4, 13, 14, 20, 41]","[6, 12]"
2025-12-05,2025,"[9, 15, 25, 34, 46]","[8, 12]"
2025-12-09,2025,"[2, 8, 13, 29, 49]","[2, 11]"
2025-12-12,2025,"[7, 25, 30, 37, 41]","[5, 11]"
2025-12-16,2025,"[14, 16, 40, 41, 44]","[2, 10]"
2025-12-19,2025,"[17, 21, 39, 43, 44]","[1, 11]"
2025-12-23,2025,"[8, 26, 27, 29, 44]","[11, 12]"
2025-12-26,2025,"[12, 22, 32, 36, 48]","[3, 4]"
2025-12-30,2025,"[11, 26, 29, 34, 44]","[1, 10]"
2026-01-02,2026,"[8, 27, 42, 44, 46]","[1, 10]"
2026-01-06,2026,"[5, 14, 17, 18, 31]","[10, 12]"
2026-01-09,2026,"[1, 7, 10, 26, 34]","[2, 4]"
2026-01-13,2026,"[6, 10, 18, 44, 47]","[2, 10]"
2026-01-16,2026,"[5, 17, 24, 29, 50]","[5, 10]"
2026-01-20,2026,"[11, 18, 19, 22, 50]","[1, 11]"
2026-01-23,2026,"[4, 5, 13, 21, 42]","[3, 10]"
2026-01-27,2026,"[4, 23, 42, 43, 47]","[3, 9]"
2026-01-30,2026,"[14, 18, 31, 35, 46]","[7, 11]"
2026-02-03,2026,"[26, 27, 28, 34, 37]","[4, 9]"
2026-02-06,2026,"[10, 13, 20, 23, 24]","[6, 11]"
2026-02-10,2026,"[1, 17, 19, 34, 42]","[5, 8]"
2026-02-13,2026,"[9, 13, 31, 37, 40]","[6, 9]"
2026-02-17,2026,"[1, 4, 6, 10, 41]","[5, 12]"
2026-02-20,2026,"[13, 24, 28, 33, 35]","[5, 9]"
2026-02-24,2026,"[10, 27, 40, 43, 47]","[6, 10]"
2026-02-27,2026,"[14, 24, 27, 39, 42]","[6, 10]"
2026-03-03,2026,"[6, 7, 24, 34, 50]","[5, 7]"
2026-03-06,2026,"[15, 16, 19, 28, 37]","[6, 9]"
2026-03-10,2026,"[12, 14, 27, 44, 50]","[4, 12]"
2026-03-13,2026,"[13, 17, 26, 41, 48]","[4, 10]"
2026-03-17,2026,"[5, 17, 28, 33, 41]","[3, 9]"
2026-03-20,2026,"[5, 12, 16, 37, 46]","[8, 10]"
2026-03-24,2026,"[12, 16, 17, 18, 27]","[1, 3]"
2026-03-27,2026,"[4, 10, 43, 44, 48]","[2, 4]"
2026-03-31,2026,"[5, 8, 10, 33, 38]","[2, 7]"
2026-04-03,2026,"[8, 27, 29, 46, 49]","[2, 10]"
2026-04-07,2026,"[11, 14, 19, 36, 49]","[6, 7]"
2026-04-10,2026,"[10, 13, 14, 38, 41]","[6, 9]"
2026-04-14,2026,"[1, 2, 4, 28, 44]","[5, 12]"
2026-04-17,2026,"[22, 23, 28, 41, 47]","[6, 8]"
2026-04-21,2026,"[13, 16, 29, 40, 47]","[3, 4]"
2026-04-24,2026,"[25, 26, 30, 40, 45]","[1, 5]"
2026-04-28,2026,"[26, 29, 41, 46, 47]","[8, 9]"
2026-05-01,2026,"[3, 9, 42, 46, 47]","[1, 11]"
2026-05-05,2026,"[3, 4, 8, 20, 31]","[6, 8]"
2026-05-08,2026,"[2, 17, 19, 34, 37]","[8, 11]"
2026-05-12,2026,"[4, 26, 32, 35, 36]","[5, 7]"
2026-05-15,2026,"[3, 10, 38, 41, 43]","[2, 9]"
2026-05-19,2026,"[2, 12, 20, 38, 45]","[2, 5]"
2026-05-22,2026,"[6, 22, 26, 31, 37]","[5, 8]"
2026-05-26,2026,"[6, 23, 25, 35, 37]","[6, 12]"
2026-05-29,2026,"[5, 14, 18, 31, 35]","[2, 12]"
2026-06-02,2026,"[6, 9, 17, 18, 42]","[7, 9]"
2026-06-05,2026,"[5, 6, 16, 17, 49]","[2, 12]"
2026-06-09,2026,"[2, 7, 23, 44, 46]","[3, 5]"
2026-06-12,2026,"[4, 7, 14, 22, 23]","[1, 7]"
2026-06-16,2026,"[18, 25, 31, 37, 45]","[4, 9]"
2026-06-19,2026,"[8, 34, 39, 41, 42]","[2, 7]"
2026-06-23,2026,"[3, 33, 36, 45, 46]","[5, 6]"
2026-06-26,2026,"[6, 16, 26, 34, 35]","[11, 12]"
